0,1,2,3,4,5,6,7,8,9,10,11,12,13,14,15,16,17,18,19,20,21,22,23,24,25,26,27,28,29,30,31,32,33,34,35,36,37,38,39,40,41,42,43,44,45
-1.4596701238797756,1.3371902412820391,2.12390323997199,2.687389150612137,1.6740083268359078,-0.0006070911539893,-295.7096256586272,51065.98314118845,-0.0207632707967193,-0.3069685579117129,3.7292501136461578,-4.203008514468252,-2.378627020695493,8.56577510249952,4.7775200010313545,-1.0081836879606074,0.3123872434116447,1.3387779704210625,-1.760262500580009,-0.9441275564624204,0.8055804745307268,0.1834731187115671,0.0448024563879396,1.263853839910121,-1.00995420267616,-0.7287293926540226,-0.8465118444436109,-2.0129080438933564,0.1328175334162652,-0.5228525870362869,-0.7329008084917776,-0.9134251263173028,-0.0177466924183936,-0.798539514558761,0.221567527608239,0.4591801673348633,-0.2945776404999956,-0.3624676397594253,0.1854910003184901,-0.0288497201342682,1.3301593553547282,0.3182655375602048,1.0955860002743094,0.610511002359014,-1.3184181401263892,-0.5582648758056487
1.296120277064576,0.3110434707481337,2.377989435893444,3.150404871997092,6.796418197747374,-0.1301980437580019,-264.59641791245355,56595.77086805001,2.1243159311137334,-1.2267216250365658,0.4445322648964835,-0.6559632344877124,-7.740120201471624,-7.700398005136535,-8.887457661960008,6.508385758798056,0.450997370432614,-1.4577913880148494,0.125961414878639,2.6537248753663505,1.1894182844634764,-0.8280271791876589,0.7167056822387093,-1.4159131295368783,-1.371314176106123,-0.0673056699677156,0.5516522685790743,0.8113303189214178,0.8251837245533683,0.4947501125352005,-1.6139911270961005,-0.0609316351472843,0.9686818916312216,0.4432909266074255,0.1821060320573268,0.3292258669103134,0.3125198797772198,-1.964897282976844,1.1548911426353936,-0.1105329074867885,0.707586457485561,-2.305645505204216,1.6609919041406227,-1.1564116437728786,2.541341032030526,2.1192403872289507
4.346670767426288,8.94925809593829,13.229227224362257,22.238968698537604,26.500352130896065,0.3681801116577693,16.936710314354315,58531.92666523108,-1.225781060835093,0.4872740940550422,-2.941817514375197,0.3485192522296491,-3.325771709840524,9.18067001276312,2.913388470094647,2.53671671145924,-0.7882191047163172,-1.9286814348628425,0.6117870490026632,0.8752900534165288,1.3420227509932474,1.1764904376350318,-0.7717096870583702,1.2907055153121303,1.3963475039118445,-0.2599839252527052,0.0284282637117186,-0.934154207049542,1.4808862906533322,-1.5117871459689358,0.5349706723637695,-0.5968291881157131,-1.107852819556511,-1.874728280561408,-0.2154061279709931,-1.2645851145979052,0.056419453273804,1.7693373234006244,0.1995073264388884,1.9972805022846487,-0.9822732534781534,-1.2809407999993476,-1.0270155882282783,-0.0651005387553041,2.722948687724303,-1.6621147135514407
2.4127809269364984,5.861382370627028,10.21319177489757,7.285706216719155,11.536148005804554,0.2038296079049633,-136.68244118146876,50636.284871300966,-0.9383169968714816,0.3946545251904217,1.4023726521407465,2.2285784387316947,4.348050974085291,2.6639204948127224,-8.111826516369076,1.0,-0.3280652041944946,0.9689506522521704,1.265155500436636,-0.4209009385749402,-1.5604195304769135,-0.7786738512970465,1.852697094852882,-0.7191444899872259,-0.0972036702597796,1.415912362019825,-0.5268960053371092,-0.1655353896476764,0.7944982907563105,1.711806867529505,-0.6455518646949786,1.392095244121183,-0.2815287098643214,-0.8859287054649382,0.249556430307557,-1.157568057768597,0.4720114314628812,3.1496480111345417,1.1056008152536936,-0.1048996377901224,1.0522019076744331,-0.9315217286172648,-0.76367463600217,-0.0771647752112645,0.0877811998498371,-1.293302819209767
0.579354677234641,3.029191547842423,4.897893002326931,6.272806796783768,3.1281693311740444,-0.0046244448252482,-37.53215415304393,53443.46814639928,2.4885952301335954,0.0316150882236788,1.2810671832620677,-4.947100306047919,2.9082824809026397,5.82450692679527,-8.357586842287905,10.159108089900831,-1.0395033686039294,-0.8386274786632111,-0.5401305925079748,-0.7221392166288632,0.9830501486789516,-0.7751476444510823,-0.7006263702385763,0.1556541970997319,-1.101681879928681,1.563992154846776,0.8021567911628121,-1.1680869521078483,1.0136670858668373,1.2217081395199536,-1.1421147369186135,-1.1651666157588243,-0.6104131458981339,-1.4152051197449085,-0.7802885344227728,-0.4001245847187433,0.504152361376481,0.0812255031502498,-0.1480215065346948,-0.4831732949249127,-1.307955749963377,0.5917177267819871,0.5693741568237123,-0.6168485909917149,-1.1011551411244231,1.5561044375270834
0.6539257179777319,3.180472543771449,5.65243881754668,5.425132654740705,8.575320125729744,0.0246582129653816,-147.5780543327242,54032.11134905469,3.1122516202337867,-3.073047229887566,-0.9201525082669972,0.5875357410320566,2.634679368435884,1.6075761495641483,-8.044576658095485,10.10709326685945,1.6056113832418772,1.096117935409184,0.1968313989019303,-0.1346198547727523,0.1146378745526911,-0.2754981516747189,1.117580732245625,0.5721002083009874,-0.3810764544467266,1.3240877836120952,-0.291878854034611,-0.9457716460732776,-0.0107425466507951,-0.8241334836717221,0.9362057375372536,-0.8454321838049752,-0.1153696282108275,0.9397074919455912,-0.7122019585853434,0.4111435333196432,-0.973415358504453,0.2443831271971807,0.567246848857522,-0.0421505316814678,0.033526287478319,0.4439858215605297,-0.2805085846244696,0.8895536310796278,1.3711410473420906,-0.9257846592636216
1.968644990532889,2.2939598853304672,3.467126947401728,4.2663235331408895,4.854710155804552,-0.2053921134901954,1.0,56847.286002633686,-0.7249371749603584,-0.3031109100199594,0.301740426555069,-2.1986786571816777,1.887696693433336,6.321627379095118,-10.602898567172856,12.09960769260611,0.1337890628651054,1.0,-1.2290179365531857,0.5494295074357635,-0.660028148910743,-1.0168839855478449,-0.505344892200297,1.3620649569274774,-0.3644541349489416,2.201390712287935,-2.062178104748147,-1.5462779189814124,1.3241852371455578,1.5756045591557335,-0.8634572371883934,0.0688936167228546,0.7121899185032764,-0.2293756873647549,0.1498670913877777,0.0109330132431896,-1.4814469796527912,-0.3446612859620184,0.0123650951365325,0.103121834108056,-1.7305061086190905,0.7536938995540108,0.1294936528960947,-1.0553862213417338,1.799064234023653,-0.3465845816188191
0.7803281121624881,0.9232947542170022,3.885894612548799,2.7715238958333943,5.687483814016796,0.016291402888196,-182.35584447227748,52542.79852888262,-1.1688753954940192,0.2106186417581738,0.866979434897045,2.417670685643478,-8.83633144190855,-5.875600770030889,-8.288430387490738,5.91370323600767,-0.1789834413916908,-0.1586511834690122,0.2175795363429622,-0.7498482103826004,-0.9269943866745628,0.3348944417522922,-0.8959958531697858,-1.3599691901191746,1.2277999878516854,0.4880953813791823,1.7675023957653402,1.0,-1.2681436516314983,0.0963692400599957,-1.015628254718246,-1.6516095967182838,-0.4471993930699834,0.9815328752991213,0.274912710787507,-1.390894131258771,-0.4823415752127367,-0.1428665853419799,-1.6891124539708449,0.7131723652486122,-0.2287350262587517,-1.3905948609320575,-1.4471735937410677,1.100663944921611,-0.3808130321457192,1.1903520289564116
2.4738329209117875,1.0,5.48550443147156,7.507554824075199,14.123696630663336,0.1955887772081607,-160.78219870944326,46994.71132923631,3.279451562133131,2.1638841194816982,-1.5299838975122548,-1.2733461094274443,1.1031171991375963,3.5798992160169325,-9.159512027996591,9.899882228220424,1.8166061635554729,-1.0038497270308853,0.8347497226433022,-1.1715044081696178,-1.2405935848407343,0.0284634484191549,0.0217294909897227,-2.832318318469253,1.1595962893754976,-2.139114124430851,-0.1459374361133015,1.3276154516053054,2.209183966688679,-0.3630498636885798,-1.4329490836170875,1.290548225767958,0.8651565501202622,-0.4889922895784752,-0.6157374582092063,-0.7173921636594315,-0.3445865357346334,0.3160681424016309,-0.5660145827367716,-0.4395802755622404,0.6412790194105756,-1.4824141410588727,-0.3759357199135793,-1.6759410190991015,0.1084124733529013,-1.9394054081418743
7.986236667444336,3.410107170932591,4.602645154063765,6.945047729107695,8.762110936159617,0.1459972142939116,-8.777944458457085,51818.07054736716,0.3195833428721069,1.4494477157885175,-1.0760744862748446,3.440637597755698,4.192767061394775,4.456283720688271,-8.040543304880998,7.169856483684428,0.1450241724724937,1.0584747721189638,0.2941675380016023,0.3529707497228677,-0.7122892858062796,-1.331106098741396,-0.4129221450105309,-0.7271848826528688,-0.1667676308744856,-1.0660383628853936,0.8424887372351394,-0.7308749265135105,-0.3637690213731503,-0.0201921029737662,1.123176946601683,1.7586928369548631,1.827441941113795,-1.2817956203514085,-0.3731404762049969,-0.5633864504523027,0.370309127725609,0.3092826032135931,-0.5830018483659962,-0.6619364087633757,-0.9974337387517476,-2.654162345709856,-1.2981645335327363,0.8667746651846128,1.464704483741246,1.3478575872624905
4.734454276850476,5.048552601285187,7.207398906505204,12.730805150646054,12.47531051076055,0.3173181351269958,110.70806692869728,61427.77037428829,-1.797918883276886,2.174928348062994,1.6764737591422807,-1.5784870606424677,-4.348914738542423,-5.557649957851771,-8.850286718610937,9.543439123833744,0.2666997895020723,-0.3872493659789524,-1.0974395765349592,0.3438678131479371,-0.9883944384668728,0.2659325863182623,0.1409176482347563,0.1510329090551356,-0.6403187591794156,2.0350091093347893,0.3582066338703747,-0.2787089242196471,0.2642705730618043,-0.7744616439243102,-0.3863044984779063,2.3919199321195173,-0.7673808064423085,-0.0777727002644162,-0.456104849749766,-1.0396339428247796,0.4210849902198061,0.036472176654209,0.9110273089999276,0.810577920330005,0.9007077190419958,-0.9182033728509936,0.640960799203096,0.6652715062900945,-1.021062998206856,-0.3186162422272395
4.009164353217982,10.827748892723587,12.483958661585149,20.87629844295924,21.114048184094443,0.5024062525811462,250.10460925671413,62624.108625128094,3.691117268910504,1.3531960332316946,0.7228840738946507,1.0348350046388552,3.5966293078431786,3.358598738580057,-7.612219015632462,9.694596450278484,-1.0344713570175377,-0.1154203012024124,-1.5836079344201974,2.0905299019716126,0.8222321820393413,-0.0133328470364618,-0.3427065536132635,-0.5996636543589989,-1.9640321579709097,-1.7328736516456296,1.9011207312676075,1.573599639232585,-0.5757777549240405,0.9079991561824572,0.5064207749970311,0.624287956648842,-1.4251777645007055,-1.80817792253016,1.182594359069889,-1.97929830303683,-0.1481935413825152,-0.3677023262177871,-0.4601509616764085,0.3144508222906568,-0.6775924297784516,0.3957354624650479,0.1411554146911949,2.098732354050425,-1.3854093918181294,0.0292689839048266
0.0305256140650478,1.929560864115204,4.32517334522822,2.195215703432578,6.235469570725478,-0.0920673593079366,-258.26806858426994,45783.767023419045,1.9068383136655396,0.8129549544768362,-2.077719579573761,-4.964184829229993,-6.733113043328022,-8.039624269059146,-8.801562495247596,8.070520352366877,-0.2134721359994188,0.6627258265192667,-0.8071399829793362,1.0033827642199402,0.121814705774858,1.5452571697547433,2.414217312238733,-0.4702435923032813,-0.429063876901458,-0.2462421219487174,0.5957022501755148,1.32596997047509,-0.6528084841698033,0.3812442664780727,-0.1359272898557671,0.6181091025405885,1.5094576934076902,-0.2403282374330148,-1.6698676666737309,0.7439016768802931,-0.8327052186054525,-0.1431157369637777,0.7870308368716137,0.297394853531108,-0.1017200255530449,-0.575881712458321,-2.899893780274999,0.6983208157562021,-0.252951699225764,1.5133362783557256
7.282111382006814,3.828172790053335,4.680909654765318,6.457384625159848,7.396286165339546,0.0556717748808489,-35.155429080324524,1.0,-1.689886165409736,3.6043296168628913,4.438402543923557,1.6255262680089522,1.9481046703855265,5.173680794170815,-11.2723931464274,9.971811662515965,-0.5520436151630664,0.3738371450016698,0.8515763202461846,1.2802152727174614,-0.2643214887401793,-1.8033172536887192,0.2672319508487628,0.128628690654427,-0.3456663746760027,-0.1335121228843406,0.1436804450177312,0.3617619921038503,0.3198097102399178,-0.2176856595011286,0.384278834985951,-0.2850308482748619,0.6420255015353197,-0.6274428354765009,0.0730581921495624,-1.6237385821172297,-0.3699104694571472,0.5674887211299786,-1.0337348667080686,-0.3201004763500836,-2.405069549910209,-1.3680741085319892,-1.1064745561139018,0.1017510507716386,0.3334090123927125,-0.0560555659401971
-0.0443827245251826,1.5545241691159248,14.131508081843725,1.6039701831175923,3.60433235091475,-0.0309116464202501,-235.9113753088796,49584.47213685653,0.539504377215235,-4.618367462569731,0.5191471229604419,-9.974267159733287,2.193641707857235,4.386904198113725,-10.133728432404736,9.312778607658284,0.1413051241048105,-0.8344287335176476,1.7369429430193026,-1.0720580618430398,1.3023407448537614,0.7388232834503655,1.2803323038717285,-0.4444332929229169,-0.1426541980892041,0.0550425572810434,-0.4763977606015151,0.2252584534950984,1.5790894560712077,-1.296833847167973,-0.6572117082110901,-0.7657453187062563,-0.0944182621360476,-0.1355262689788708,0.7723145844407059,0.0337231029213751,0.3028832767193024,0.3984480455120007,0.2454040612058115,0.7033130614575919,-0.1223233821327451,1.6463683960749975,2.5416198467187923,0.7062309747670698,0.2279911637090609,0.6245823093172438
5.404981710960955,11.11141305703797,15.035678055891278,20.09540859187228,25.67330182572563,0.4329815377475071,337.36585451629577,68006.02737681112,2.2718152331966244,-1.741034211695378,3.267896367047296,2.0970408600390167,-9.685815072690056,-7.40737981933791,-8.810700187851683,9.838178883911628,-1.625892027374496,-0.0311355383152756,0.3341989431717662,-1.3752594809811896,-0.9339919596369564,0.4891686338368702,-0.5463262643119116,-0.1025417715099742,0.5407775189589796,2.036872171795816,-0.2217852010783921,1.7691980788774428,-1.9587736612955933,0.1483628586819854,-0.334089207095231,-0.5324589840683974,0.6580675755568536,-0.21462066538522,-2.024953334893217,-1.5883692482505825,0.7220269583564439,-1.6372279069240634,0.7488211811807782,0.1247734879111562,-0.1702845318258011,-0.0814741731982727,0.5147580201800833,-1.1774859736064411,0.0422910939977256,-1.1395027940812656
8.02901479386746,6.604855818621413,6.820719157066534,13.787673330541004,13.73641496194784,0.2881158384882777,-13.263374638257355,61116.1945706458,1.3226058687575275,-1.1968518706871207,-0.4824621325947028,-3.557581641390609,0.7737668752078326,4.868574890500515,-10.416644680505408,10.347594769873153,1.012224423453833,-1.681728535328834,-0.2955022895330839,-0.1065291051940831,-1.6195560287674056,-0.2746023265204388,0.8731831407786059,-0.3909230595247401,0.2421331556740263,0.249370282727652,-0.0121434111387662,-0.7051820240254287,0.6588139748838979,-1.5870337615259915,0.0085881385081826,1.3854863405180886,-0.4473732498412154,-0.7273212215022773,0.7255161387753777,0.1634317605871319,0.7454472820569326,0.0384984856952722,-2.38829245075118,1.179913410425699,2.070026382478276,1.2840410068362866,-3.5388577250697595,0.4510882125055664,-0.4667458105750462,-1.084243753611709
4.67354809792826,5.251405007059063,2.694054740362525,7.773925728932652,6.964385693952014,0.0322284630247893,-157.96413912457152,53451.95098037084,1.3155309663014432,3.3907769169039264,-2.47068763429201,1.6002025537126856,-6.490043438569048,-8.236584530932559,-7.88043906846995,4.831242822095264,0.494704668050223,0.8912902117888275,1.220782917368932,-1.6566049184843925,1.864270367885672,1.0988140706772018,0.4888547009129279,-0.1254605391521706,-1.3372424159188452,-0.3314011036962637,0.4483970165296146,-1.1043583790396148,-0.0697472673807349,-1.183541370810924,-0.3846241760641808,-1.3526273662573858,-1.457776087797201,0.3400894114639037,-0.5797575584004494,-0.4857905964084796,-0.6334436347708801,2.7231179876264315,0.6073670857057871,0.7147435391677069,-0.7754155363065609,0.5047506885713305,-0.2277210030780864,-0.7834497409003949,1.9290914012185696,0.5727913622096251
0.4982429564154634,1.0094033638489863,1.810217882749292,5.574915837562534,4.646570271647039,0.0660573981049864,-492.1350483494608,49256.37546129519,1.0,1.8751202444095296,0.6674557271237461,1.9821701833912464,1.354046452763018,6.34152827159746,-7.218951895487883,8.613907002509983,0.0681228501406517,0.4837788340027778,0.551334216089744,0.8784535729984396,-1.01437495598195,-0.5289225023853102,-0.4918786920496538,-0.9039121651626768,-1.7984139213578147,-3.254478941297708,1.1954527117529803,-1.5538930044475427,1.566509126705908,0.7394094886164625,-0.4056883798062532,0.6164221048147337,0.4251332467137215,-1.1017743629397738,-0.0149777736296306,-0.979838772541492,0.6541280021710922,-0.7152209517993878,-0.0966295361966723,-0.1397989190107496,0.1215790005393821,1.6625550811140222,-0.2409605828559182,1.2179271419745152,0.4799969943350377,1.4184025460365826
8.357255481360037,4.562546528893382,9.295424454083664,14.12664404821189,13.706866921975443,0.1649479545790699,-53.53281859539227,60447.90340627624,0.5037923494110959,3.86941199686678,2.793193783162528,1.1256508714714877,-4.309642233636414,8.512534274436899,3.927460869486667,0.9931758350801642,-1.7151199546946958,0.6301795923651135,-2.2418963547748287,-0.2759154704361769,-1.7055515908996055,0.6330367262505261,0.0692698811758751,-0.7707874030402765,1.434408045034828,-0.8966664943333816,-3.031193832490089,0.5136350338651522,-1.7665987194139492,-0.8650096430108425,-0.5173465729392782,-1.4239938496960118,-0.4937275860582207,-1.4052818872548896,0.1623831851330468,-1.2287452557521887,0.0301463987820145,1.1620077042712105,0.7823727702921633,-0.0817106921415781,-0.9887373184198184,0.1591771159225809,-0.6957191244670855,0.2011234587015259,-1.7152852174529991,0.8072610563356423
6.176074983404093,0.451325130828232,3.902366502073612,7.091026383402099,9.235356902919044,0.2301741289398798,-107.64009344065389,51630.80326464542,0.7977299420147634,-2.2165149236319737,-0.8418777713845693,0.747536015141692,2.4840028882022644,1.5961989669359706,-11.61058824724252,10.51309318427396,0.2106851882954789,-0.1440855704524944,1.0830506555535826,-0.0422591560936972,-0.2784294845234738,1.1387180678560975,2.0933957250499264,-0.971006823410639,0.4247993134767853,-1.0863918778775463,0.5016396822608584,-0.7781814783754998,1.2115482569117613,-0.1001194019612476,0.046478669204788,1.6311150974555833,-0.7330029191123658,0.684842194105591,-0.6334534418836993,1.196297543843139,1.7867554488303223,-0.262907197874966,-2.194090399761248,-0.6881370621515897,2.432636324021755,-0.5921141931896984,1.7710211503980606,-0.6062859901292459,-0.6309993558939682,0.7791875770008039
0.2742236995134643,2.395796502585952,7.617246651027877,2.994895939547514,3.2853826054132576,0.2319329539981694,-95.67564717278113,47853.4888774137,1.0,2.43474713950326,-1.3969775914473874,4.056085428542144,1.2382157040856163,5.734965394676243,-10.64482564989809,1.0,1.2243816701175614,1.1208484436478086,-0.5242827429098788,0.5983301738078541,-1.7249168959418095,-0.686936417944251,1.3926548882840513,-0.3850368024262208,-1.868001886670744,2.0136989173313573,0.5622502831697198,0.7644782203057904,-0.9804695349218976,0.2840565705298702,0.2575749708891946,-0.8214848566236752,-0.1698196855231585,-1.5004677127830175,-0.3467095328760017,0.9738462572598192,-0.7468482589920851,1.9072978364265532,-1.4360915125350566,-0.2601753497955941,-0.6564299636141254,-0.1801808313728692,1.3714747821409226,-0.9844554964640968,-0.45127053092953,0.6545057527231394
1.5571222262189155,1.975434542606752,7.190082914377985,3.5012540895615967,3.2124463601873363,-0.0174959756695408,-332.688035403986,40984.301618720274,-1.4063681455992345,2.379822794482336,1.074356855251521,4.601564823096525,-1.9725165825303248,9.855462917750671,6.264455700991017,3.5538727619930865,-0.1295811110919821,1.6345516920769652,-0.3337012446890455,-1.5388892570785884,-0.1867510665006831,-0.3331543320772962,-1.3432266479483186,0.5859117572783072,1.4247188303170473,-1.122484323722866,0.972710392922174,-0.6066308273221378,-0.0247185566232731,-0.1297722243984588,-0.0247108650689241,0.4730826719950572,-1.0241826404477343,1.2933001091062284,0.5035427567167631,0.8355827763397274,-0.7800659529251152,-1.114773861037247,1.1827134318744033,-1.1577492458637992,0.1493052412254414,1.0189958316879406,-0.1268019691048592,1.170077063029631,-0.2715583037938346,-1.2774179987810317
2.714093744130204,4.893055952584654,8.330341761155736,8.287864373878156,12.464651961931974,0.2586364018755093,1.3907849658914984,57743.03138205757,-1.1085615067484105,-1.3972096711921087,0.6611467852508716,1.6982579482326423,-2.751126190551764,9.620362413420128,7.469157688043897,2.2350364031884906,-0.2279045472268739,0.1582860293985754,-0.4502235530366313,-0.4032955819170924,1.0728514906209918,-0.2935224638814117,0.3835524037071247,-0.889491740488447,-0.4446900271528725,-1.2325605624906806,1.8544334333618275,1.375459677668053,0.5954589932786869,2.151102720289829,0.7702860513831254,-0.1719757436488216,0.3725196670916709,1.3607863554791413,-0.8803161750079682,-1.1728177872665615,0.4060791666299375,-0.5868497335487376,-2.2599013674584763,-1.2429333469105683,-0.3114243493535451,0.0481887547479021,0.0779690993832985,2.0051963402354454,-0.2076252567010936,0.2781254895361048
0.2979469061226476,1.3916681895546443,4.452555921961059,4.787922022413039,5.141543342568963,0.1434319911239273,-197.9206292324592,54135.97180935842,-0.7179874371709216,-0.3266416145677968,1.5682551817294008,-3.641825118472149,-3.3038379287033086,9.784187277868355,4.785495160250162,3.4261371697400658,0.1632860530801324,0.0401190824365786,-2.0918640945508677,-0.3691272730724936,-0.2403008051482479,-0.7489730972700454,-0.5560969362288024,0.3007490171807954,0.7675900769499596,0.299236461918441,0.7424442386469563,0.7601080308146904,-0.2997055935278535,0.5253074625021505,-1.74637247962368,-0.3843252268587723,-0.5018515894662998,1.5313268023142323,0.337087292733681,-1.3344540811529162,0.5945838047755574,0.9097833451011628,-0.0896639215396339,0.6902559291228032,-2.495707383782465,-2.6993223494322995,-1.178669236297522,0.1490397006249975,1.5321637696085468,-1.1264276888827558
6.765454240281096,8.340640322842797,13.49824715929359,21.479413892660432,21.41127584337138,0.4496625542589048,251.1202599524981,69066.46853686469,0.754859088362136,-1.3704123957188117,1.0576626036260397,-1.9685878646653292,-2.6248501871739065,9.526014090423288,5.05491503522313,3.213944557494768,-0.0060485186390851,-0.7711349672336278,-0.532633852777348,0.9384154217891144,0.7590326768672186,1.797733840577358,-0.3163355447400646,-0.641146634452866,0.4181889644289097,-0.5607944692399751,-0.5280611130257374,-0.2021015939318362,1.6527489558168793,0.7039658051286266,0.8088204022778498,1.6078543368082463,0.9025329600753248,-1.1314056101350374,0.8873823641411338,1.0142548571152574,0.6518648526930954,-0.1954418737928843,0.5463317060017511,-0.0202397212976463,-0.9780883762484496,-0.7296336453351577,0.7037228188992819,-0.9058201794228424,-0.8115535434762642,0.7533844599846924
3.2193096166264845,6.803607058596046,9.456586231138964,10.89294708819001,15.40304544131639,0.2521271576736061,35.06300992735592,66309.60750356996,3.123140915522402,-2.1683827820446497,1.6614197009921787,3.2329539285874307,1.2458832863099183,4.497133483379256,1.0,11.180786953412012,1.0146453864394118,-0.8177154757301307,-1.632602745687323,1.205956017904542,1.1418532448109715,-0.7922983922041061,-0.3990988538209255,-0.9169275453299296,0.326624217565134,1.7320492913680818,0.702881798595122,1.0357246425830329,0.8197283316910118,-0.0001191485590934,1.0833404379113156,0.7450305629127996,1.439445715153136,-0.4595489411617563,-1.7381116395453866,1.0452510148730776,0.3497695206060582,-0.2960461003212362,-0.2401528123074912,2.554686325902116,-0.6421946525342711,-0.8533033068263332,0.0852842334933517,1.180490877972961,2.278401986529228,0.6573649633895711
4.186260190374513,8.64024912093343,20.41684254311938,10.97673483048715,17.578860649562397,0.3419532443907028,86.72873134013406,64035.26143562268,3.623421829168557,1.0821135269852755,0.6211825177454053,5.817577707298399,-1.0641334291862674,9.63345751860307,5.872969076219836,4.818359157921654,-0.853677408287937,0.0886063907247485,-0.4923187949790351,-0.5491907692968236,-0.4214748374312925,1.3147884915190176,1.1161342887381218,0.0234693222926159,1.6544802739196438,0.5090283540679753,1.1538941345384908,-0.8605465725486288,-0.653677053748058,-0.6643822914959687,-0.0867222491415,0.0599132370912613,0.3241773085969957,1.9731048680819048,0.7212781292490482,-0.5147916994996568,-0.0032743790558235,1.504942189115205,0.7818798426041219,1.4917821634240598,-0.4826832636473495,-0.7116615385763058,-0.6970447013594224,-0.4019864911361351,-1.0632830097704935,0.2951930617084199
3.628666952034807,5.383359699195967,8.741137008979816,11.614022307429872,14.227070025974545,0.2740753179488568,110.96998419562232,57021.69352978254,2.951329062212971,1.481181736206094,0.2242098936490341,3.155685171796813,-2.210608079692545,8.11396081246013,4.74458196371313,1.3951992886480915,-1.4505497732487045,0.3809528356934129,-0.4449476304621694,-0.9014951068941558,0.6033731729473202,-0.811921659107993,-0.2745122995489245,-0.8961304679725128,0.3034371862498239,1.332076192716774,-1.8610399293321147,0.1126576887506457,0.8565884418863505,-0.4214777473057731,-1.1310423742958853,0.4209635271274037,1.0016535033771,0.8905221776454686,0.3659093379148274,0.0979137376086418,-0.8990125553843011,0.865244950343942,0.8099568133525075,-1.138058318655267,0.3644797278464911,0.6528238755197853,0.8821137720755067,-0.0749896191272206,-0.857567574146144,-0.5021161798640451
2.232253697161004,3.459921434224908,5.984054712767046,5.824230174432129,14.054384449619755,0.1177320161157864,13.987856112904538,64662.57499742546,-0.5058857777330394,0.8453101310032075,-0.5620392945431713,-2.2835591544434264,-7.948895865167016,-6.720464251738101,-9.220793582767293,9.579512398372737,0.1981316511358755,0.4794416917432683,-0.0697534292287978,-1.1342804531462336,-0.1517337584205077,0.5230396329635579,-0.1280268679832378,0.800765426739591,-0.3921815611975842,-0.3265908274508273,0.8311199979939045,0.2218525168030448,-0.4117215811555918,1.0338053760086243,-0.6887357179505279,-0.7269489590173489,-2.8294488110640743,-0.5539685485774473,1.3087166789222824,-2.072292686172439,-0.9519201402292174,0.4390685558901699,-2.244866773892728,-0.5106986135097646,1.1408632156107463,2.043025801848989,0.2902465656670324,-0.9264670182411172,-0.9601287386482824,0.144907969330904
1.5132674331133562,1.0133355253202825,2.331279574528837,2.2036447655003224,5.093502594453139,0.1449554135441323,-300.9730704709938,58328.539204323504,-0.165781219351019,2.7735161322623068,-0.3735438283905829,-2.534695360231421,2.7987887655678603,3.0728358361907104,-9.308159967368333,8.265122644709901,0.6196631181624246,-0.6999653360405335,-0.2238030510509631,-1.2580199112663373,0.8791383240395397,-0.0439251329551218,1.0874535506941656,0.1752451940325607,-1.931623977176875,1.096542795975214,-2.0130006323096805,-1.8699026829164125,-0.9172026801316364,-0.9038555419523364,1.396021365381482,-0.1711563867503638,1.247385291974663,-0.567917478585953,0.3176463690106352,0.4740423115122062,0.6960654170770493,-0.4649261744158378,-0.377854888784894,-0.2981305792658438,-1.6524123902968042,-0.0839018632682968,-0.38368425507628,0.5800728940775537,0.0913011710596684,1.3363818034531878
3.1473421911221786,1.9219023943819704,6.83663013540515,7.706679503342646,7.726037616248776,0.0634678448687891,-107.16929027923514,52706.01968666449,1.9148162449376864,0.71836609838416,4.040098213859294,2.595595824003827,-6.763574729679843,-8.172035895268342,-6.5536416407315246,8.131887981025692,1.4586575229376622,0.1080121224389983,-1.470470693704303,0.2169443275957465,0.6547912616681332,0.5240414373702086,-0.937869603161639,1.8867215592575528,-1.5005945871087527,0.1108964301634123,1.7365528527660827,0.5916570839354447,0.8362195690513551,-1.0531641491701351,0.3470464575968707,-0.036602662694947,-1.1300441691643648,0.865071489474962,-0.8194867386506691,-0.7009246321685271,0.432579322084848,-0.1432454456450152,0.1692880236560128,-0.2044996587698362,1.4130608435040422,-0.9250306472386158,-0.4648087802060128,0.4811715575792269,-0.9879178336410188,-1.032223382395876
2.841151974816644,5.774451139502177,6.411056637372774,9.105725044365458,12.32298867176945,0.1778746376414228,-93.16203127180484,51852.25202773792,3.276378151345749,1.236976760912951,-0.5392832505937218,1.6748750242673904,3.4297259438281724,3.387384463594848,-9.444128948672477,8.704784110182322,-0.5487491334148188,-1.9854610204177623,-0.610022977498356,0.677359521686422,-0.775034189423724,-0.0109378370161955,-0.657484937966344,-1.9321671625260497,-0.6754811770399278,0.6731320206897123,-2.370252480065812,0.2521673504755756,-1.1860692313994132,0.6084420694741921,0.7143189358736531,-0.171947934911276,-0.169668158781222,-0.8063626971363014,-1.345583400104966,1.698092906333733,-0.8650714271711278,1.5677961311964723,-0.8595000398001769,0.5251903903377283,-1.1378071596536348,0.5233950169020153,-0.3255873571531219,-0.3125161606756704,0.6100231697844505,-0.4691413650790981
-1.263040155362734,0.0052059868935132,2.4999385438817496,2.1537932431055733,2.969212778483033,0.0536509843570403,-213.2634493183822,51335.633255057415,-2.7477021441026377,1.3112028550990158,2.869469959328688,1.5162128202929914,1.0818496481825246,6.880124392916303,-8.526682210900738,8.554496879398485,-0.6995103144271798,-1.4170765579218223,1.4552426408204644,0.4334552379006314,-0.7432717673588966,0.437822878510287,0.8352595671994314,0.1191908130075919,-0.7290364280265381,-0.4412628048556756,0.2906214978498015,0.1988879553556872,1.2122600577854137,-0.2759102124020307,-0.9637605983755172,2.577054329570032,0.1744881994877361,0.834262757889537,0.5218483720258803,0.1865744385608891,-0.2277437307431677,-2.80381570335792,-1.0632212407978208,0.3291192134172946,-2.718973238006895,0.07161839271028,0.6612305108643234,0.8332786171034329,0.598155247464706,0.9583919516171138
0.875698018345672,1.0837625019880226,0.3571429291534762,2.284321601493206,-0.5034513329796613,0.070810867668859,-264.7602586298669,50412.19876467252,1.1474178412288465,-1.4249883856164751,1.8813922876453644,-2.725950887224314,2.990526506575789,7.406333640879099,-10.049977466513452,9.726922534735795,-0.701750442130786,-1.7171891333603786,-1.5793656993630016,-0.4699825733300084,0.1949295738109782,1.4057130510158269,0.4842207743468419,-0.3814045304714144,0.3799495576727992,0.2905675855886578,0.7395452071959393,-0.0399421135838643,1.0361977510121103,0.824451800227485,0.0827000036385703,-0.1192243562659043,0.9197484789904266,-0.7134743181070387,-1.5066128291433938,-1.5122979916839956,-0.7963744750895091,0.6596522987772498,-0.4227988546098636,0.2045160028112259,-0.4952960708810691,-0.487357365983966,-1.0254636745111536,-0.0918956254156882,-0.1751637357789568,0.4126650231818217
2.3562400285708227,2.8183435655539566,1.5886791647156344,4.131654382840678,5.6237069871152885,0.0556649924897107,-325.4289423169249,50875.72009095961,3.0158906878698164,-1.195419027466185,-2.0156277974748624,3.338717002142795,3.81487017825144,1.876671198745247,-10.426692884991333,9.964014855836668,-1.595636760889683,-0.7604181998113736,-0.1267360357859062,-0.7150632206374263,-0.6099007628719224,1.5753894740561654,0.0287908137384816,0.1182119914019368,-0.6741905603382268,1.177544724769586,-0.212578627988568,-0.5208636651508562,-1.5807508173094416,-0.0611019137513661,-0.5520580017774016,1.6845797460168992,1.8438986920019504,-1.2352804947662746,-1.1221532378809973,-0.2763196351264478,-0.8160378953942717,0.2174165756867134,-0.3266234890855674,0.2805323405552584,1.0160935216469669,-1.0642215103355075,0.9952112224773986,-0.7286524143201769,2.148482849148776,1.6209759662493883
2.293072473298681,4.747419918816998,5.709224003705333,9.194005705643551,11.76717787658487,0.1249166983544952,31.71150673398654,67156.50073096316,-2.833087572382943,0.218941208094578,0.8499322324950905,-1.1445724175747172,2.861985906760736,5.782622644252841,-8.337426882260594,10.08696716208254,0.2809633211650989,1.857928760058249,0.970804852537203,0.0841064878884906,-0.3352072532594187,3.01471170930221,0.6265947999958954,-0.668751713577545,-0.2246229235914776,-0.8774547400031002,-2.4045495258503897,0.3126509912073227,1.7824542165573145,-1.630557202247304,0.0552625958790177,-0.7069047791375971,0.5215025255698525,-0.1723301567245659,-1.360054654417601,-0.9811037139497356,-0.8303005319842076,1.3443182079872078,1.293259276930151,-0.3113478871126975,1.2278034334513466,-0.1731838393961741,-0.3266627584501871,0.0571178405511748,0.2848252786236364,-0.5554447928650015
2.973237624573545,3.3438782501421302,8.495343955484888,9.097474190821234,12.689675911062729,0.3173473857485325,37.12972974572442,56284.03862251295,0.8919633528136885,1.8968926997230708,-0.1056560091495381,4.287351055653093,-6.806844749234029,-8.126534767892503,-8.432642517966253,7.248165751324998,0.838548926313624,0.7063706972505993,-0.0837444353819016,-0.2996174489107592,1.6852235114797387,1.778269239304477,0.6401248756416215,0.9698408648399088,0.2360981641707104,-1.3699857724669031,-0.9797427560096464,1.1461819030494391,1.2737053478111904,1.054127008309619,0.3460523100870328,1.0912989562952675,-0.0581372944992299,0.6213903365383007,-0.2046823681201177,-1.0567856331498822,0.8645719724972687,1.2751244046611432,2.473958780416716,0.2640290013959946,-1.0478098183782305,-0.328440737328814,-0.1358913855251803,0.1484978066279113,0.4708762567384327,0.3629692923966677
3.5818741393863225,6.669937963418027,7.803360783139722,15.34502967838196,18.244838375412694,0.221510168691776,158.59821161750324,67620.56359993007,-1.2272416108631774,-0.8452671214431162,0.2640418452351144,-1.4746834757942535,-5.127954098661559,-6.498478328324127,-8.331923763523207,6.705707466315002,1.5457331421535163,-0.8177041519860727,2.2041861678862227,-0.0052755971090457,0.9757125379826656,0.4029445735036032,0.457040065596367,-1.4261137171431046,-0.4728527929780461,1.1959764624837037,-0.344321201769997,0.1388320827178133,-1.5474221283691512,-0.5375769410007442,1.1230392976314654,-1.2826294319269402,0.717079036996164,0.1777781385849855,-0.2359554860231784,-0.2799245423220072,-0.4910296980779874,-0.4019709720569627,0.9297402248111571,-0.4320438142447743,1.8075903221923075,0.2995325030432119,-0.5762619290282724,0.9733659524856144,0.6238959430765766,-1.6541764402276586
3.284696290740032,9.343489893721491,12.274183357136756,16.680732098855945,19.841092312967746,0.3100363814385398,179.994190194205,66565.42710048647,3.536417151688332,0.7662004241464406,0.5036735012472376,4.9234786172747205,-8.014153309077725,-9.013490157672456,-9.8081870829998,5.701200910077111,-0.3825933828873781,1.0,0.7160457490404942,0.2128198468830529,-0.3339455963053624,1.2932994952412589,1.9499750409961003,-1.2457424502336705,0.5225100702105114,3.089889607686385,0.2802055410501943,0.1154426361642765,-0.0557339398936135,0.4901815174907414,0.7548991665498829,-1.2447668741691826,-0.0264836282888286,-2.269497864497409,-0.2093166166215,-0.9026885938220728,0.3391775791354842,-1.6563805271410257,-0.5123173104590948,0.9665442505206122,-0.6763331514442502,-1.904935777417886,0.2575331531289845,-0.5865289930926361,-0.1858854360728965,-0.7298695864625924
-0.9247481862134568,-0.1778103812575411,-1.338393902734312,0.8365805186802102,2.7160563880928703,0.0192049116490031,-361.9617433289011,42968.41268164083,-0.3182449566213767,-3.440205101895637,2.0304561833301444,-1.18140560533052,-6.715534999243931,-5.791459657427909,-8.11681390903094,7.6593489519174,0.1738011648773383,1.9938629392325948,-0.455460383846209,-0.0501692676338824,-1.2500735179709248,0.6122400149069139,0.3980947793532806,1.4883946776914283,1.1116221515087088,0.3514066688422829,-0.4700714995887003,0.2046684378900604,-0.111013462131761,0.9533975332379796,0.8262314899624682,-0.2964154436547553,-1.4619937798268778,1.3333873002204246,0.581873956823205,-0.319490070572669,0.5428733481036709,0.074861306250029,1.3186179262194735,-1.9297802318050268,-0.3971909665134324,1.5990545154786884,0.5631984034673122,1.772606668314208,-1.2218070931634644,1.0721967159384873
0.0342702464297431,-2.889520808082887,0.1917712405208569,3.838837322057081,2.856239410232766,-0.01112260613487,-186.91883154452225,50616.024033922426,2.551670681682883,-3.052541993444424,-2.234148284923492,-2.4223062044088435,-2.838705454809018,9.54995498546594,6.856719903340375,1.195764356530261,-0.1130803358862352,-0.9635834445300414,-1.1548659796745833,0.87362850207453,-0.0304027665304985,0.9268668857519582,2.2042289692956403,-0.7703829387161236,-1.230138243758088,0.1925602345326259,1.144759611452297,-0.9404602897857572,0.034624738759246,1.37004366117099,-1.6328778384903724,0.2353179614390995,-0.5401030935987847,0.124156590971303,0.709784290583688,0.2208085078880912,-1.010222402111855,-0.5012461382334787,1.426592980324466,0.3289328939240983,0.8403191275848484,0.2502953101830424,0.8091160682419203,-0.3961460899373217,-0.7675116467674356,0.7636977158480469
4.679597748934675,7.846498890223081,10.630278111338956,14.45283817099326,24.643476807777773,0.3724684725751886,-61.63106084365879,67625.47893423999,3.80904131755584,2.116414093887815,2.8603112731197564,-3.69980647889063,-2.4408398631970294,8.036885606789596,7.85579497021609,2.9240482174177487,1.786597023926696,-0.4162102138395885,0.6034810103015367,0.0493248366995592,0.2086634832499146,0.5681840033403978,-0.6960201616009518,1.3054024262651662,-1.5795054170872729,-1.0385563060358844,1.2924293743370827,0.5900047611044712,2.5403910976814337,0.0683504436531303,1.7004292964590928,-1.8574787826634036,-1.4135149731971948,0.8955255374169739,-1.7403678256144852,-0.1973676070094892,1.1672090836471585,0.5011712644886682,0.0110952203195793,-0.4491074688293152,0.2022258745919646,0.5772483723755298,-0.6608943369861829,0.3717360280120473,1.0784307441987109,-0.2224781332998583
-0.7208436499710222,0.8178578859573,0.8659689535784397,1.8877348616661649,4.384776944701878,0.0388578604530964,-72.7748403330256,49199.3360221668,1.7300508866014424,-1.4073090991330226,-0.2357481291631912,-0.2087346267636785,-0.1497206157601902,0.863242620990786,-8.928288439003953,8.64511570671097,-0.2816473822549307,0.6417092451913268,1.8840011375698575,0.6810395960445219,0.8261098366938703,-1.001621865490398,0.0869597020371694,-0.5322617261715757,0.7041298480492758,0.796965795509925,1.6332295165199409,-2.158341916889131,-0.63057816231632,1.3002489442520415,-1.4015298469325184,0.8056510328936717,1.1340005008147496,-0.0283398453664603,-1.4214646871565255,-0.121519678200238,1.4586813374587233,1.539017375255416,0.2078803767776906,-0.9772376887147608,1.738397194049411,0.8209228791097093,-0.9115099686768718,0.3425189711405081,0.2967484809781581,-0.6367951015495571
2.513001891877907,5.823261751998127,8.809949750406446,9.89479958228322,12.82380947207626,0.2815737212539297,-140.3701860730128,57470.25822847933,3.4871042521156883,-1.1014423913910223,1.693994175378917,1.0292010267778058,-7.248241787280186,-7.289194947897452,-12.883657721048367,7.242080615721985,-0.2984062719238435,-0.3386843240985971,-0.1721442737084734,0.7255283730379855,0.1366718711628826,1.2279373473853306,-0.0116603558888154,1.7760872803800642,-0.4607750137316528,-0.7695623811651242,0.5473026747769738,1.3640819374650175,-1.3788033045852264,-0.1969906482143151,-0.6107819450858708,0.1428510129920798,0.0100179234994046,1.345381247627721,-0.1084047928747832,1.3747840989702291,-0.3151003360186857,0.9264818751052164,0.2286630281367191,1.7298853986834446,-1.4770148628144282,-1.1638577177598246,1.8316222846583865,-0.7332650934863538,-0.6698033580758616,-0.8757235854998543
2.427171087343128,2.9559410727738147,8.121968636080455,7.951512962126569,10.098754109147231,0.2181021558703707,-184.59796802467488,61107.85944928025,-1.8181987160018536,1.852124755623932,-1.8988486534515283,-3.614079848484338,-8.859977001682234,-4.132921444494416,-7.069167575554079,6.619759437341646,1.1632297551407775,1.086308754436352,-2.0895496931173736,-1.195954340055588,0.2744758015778092,-1.6970899809405604,-1.054305042604079,1.4269674044104097,-0.5415658766108851,0.7102985786210347,-0.0281682701523385,-0.6799362542946168,-1.6642092727005329,0.2333021065643773,1.4546055390688633,-0.6515274797657549,0.0685983542288601,-1.5197888033519922,-0.672175191250047,0.3408816594615606,0.7437158203998124,0.5559487499581871,-2.0315513107472367,-0.456934839134743,-0.9672811102946236,-0.3090282758170436,-0.1111914354873453,1.0663518911952374,0.2952370366935259,1.4178319728870847
4.588950596967366,7.691868355666919,11.503338681956697,11.465755482422844,21.478941402864432,0.3722381357827772,1.0,58866.413877050174,-1.0212055037082537,-3.2109301794380927,-1.0075791682078734,-3.2862027090277097,-4.102653193641908,9.724674774151094,3.2607424848773965,4.298071291467041,-0.1483471788078211,-1.754797885371245,1.0100690205936125,0.7471412320266032,0.2287733800246819,0.0403304008891439,-1.781424899551631,0.774656635890075,1.486396043328376,-1.1137455204218745,1.3450186562715805,1.1314577963453558,-1.143195323350039,-0.3941435993528958,-1.39543764310967,-0.0651383357288881,0.448317562430157,-1.3204681310202715,0.3858027751246985,0.639125763478494,0.6534786562187336,0.4545025720856281,-1.2284906763809074,-0.1214740185500448,0.3523521103140539,1.4610256223390974,0.0024658294875196,0.4255412942757808,-0.9320268136452012,-1.1548940361658715
1.3199752784215093,4.05637671251769,9.934468304991164,8.074298477049838,8.761329378680097,0.3001333651955487,-200.6542565279641,56714.715473818535,-0.654443537100843,-1.9043576134786988,3.489278346517363,-3.0448044189289254,-6.128251409714699,-8.346442460473773,-8.689329298492172,8.450603600556386,-1.0072498584559617,-0.0510606651149822,-0.2468853965686904,2.145036420768707,0.8946771424381318,0.969548066889097,0.4713524908277288,-0.367317646668518,-0.2753899588180738,-0.1838692998166206,0.1882332727011339,0.3891698102234482,0.0007086276805219,-0.2905984773431332,-0.5941156304879845,-1.3926487577832536,1.2833791650466513,2.205529568265414,1.199336780928251,-1.2590656259307462,0.7870165696408917,1.0237763016208163,-0.403437698621358,0.4889272396390288,-0.4563030325226195,1.52892899481374,0.3653709222153139,-0.9171554913710483,0.6698080980093383,1.0587806734902474
-0.1769220003059587,1.732444318520158,1.6649674408712896,1.505324602450177,2.4540026722153985,-0.0009118996644203,-100.73114310404782,54475.19157038058,-1.5907525451591848,0.6330806532172638,0.6314505338709845,-1.4053015448411004,-1.5706966014052408,7.728549793573897,3.033540089136433,2.6968783068055098,0.3024311457761215,-0.5485649505571252,-0.2216950367589593,1.4967567859904742,-0.077508011146286,-2.0967994808279724,-0.1848503606505301,0.0993940895614295,-0.8253546569619061,0.7347485957410083,-1.462228972521047,-0.1377410990575783,-1.4737589013433978,-0.2956877174575357,0.7081298604952805,-0.1616799272144955,-0.2200535073716947,0.0277700785353154,0.0777674689725296,0.6937519207067695,0.6998157231050156,1.4216958832848487,0.1676169855293781,-1.6607244951100175,0.8579485996243433,1.3498244592045914,2.4616950171848235,1.4517058807768235,-0.4902984102605816,0.1871840274885842
5.860522649610342,5.627763519861206,6.031868125859328,10.043091881397796,8.259457357623512,0.3157308213265504,-47.00391824188388,1.0,-0.342599076118562,-1.2987833874874903,4.220271164171246,-1.081943736198575,-5.644871315208398,-6.770132642493341,-10.773269106247591,5.380904757403279,-0.0936623248892778,-0.7252436766377852,-0.4504631508837254,-1.0078023315985043,-1.116865971932945,2.086375417551352,0.2789123650819429,1.4657172417040598,-0.794062257036022,-1.2516035924647442,-0.9777782109588512,-0.4220718850896959,0.0364999318261599,-0.1509366168439928,-0.7731909684866285,0.0877150093177639,0.1753861245399468,0.7022764275515784,1.470432303012538,-0.363893789508923,1.215480593634632,0.0659375934279869,-1.5273189874177815,1.783270810395837,2.2725364418996903,0.619096478051551,0.0897849644191316,-0.2714050601644967,-0.4639479694844082,1.2107012531475163
2.787084603742452,2.159062995117253,5.048537514511313,7.847527148180877,14.391554331410692,0.1557013124897084,-150.47749212282173,55159.28090707605,2.0793881094544986,1.619715683274053,-0.4179083104480282,-2.030487649161035,-3.742528216402397,9.37981694543619,5.0073286928911855,1.2127549208840374,-0.0223688618783399,-0.0089663257637396,-0.9474290450606764,-1.0872606842743522,1.249757571547956,1.089787014204167,1.0725207141772717,-0.0693783669403291,1.892011769989696,-0.0224689766745672,0.8628761738997408,-1.388622014534984,-0.2297353314978504,-0.1558210555738167,-0.0654875380216147,-1.325498967995686,0.7038809278242575,1.0286103113033778,-0.7438593891229156,-1.1473415163213292,-0.7689416248939225,0.4954986691401808,-0.5966033549083545,-0.1340652496363761,-1.0734607447026951,1.9792864055014636,0.0731986281627831,1.1497153292266302,0.4931698342388367,-0.041880054965069
1.3225449121031891,-1.342505359427002,0.1426401450625674,2.7346881267654988,2.9040132734079496,1.0,-252.75149050506363,50575.13039573709,-2.243876512552843,2.4995614028072133,0.1145807089060325,-2.143641025412611,2.9341449994389843,4.441365240655446,-10.257960535909744,9.689332032587348,-0.933753736140097,-0.7249040318247932,-0.8955458847173062,-1.142595269487263,0.1530339173743881,-0.5129346017785028,0.4886130964164575,-1.7346403355315243,-1.1225480905044165,0.0515790895263701,1.4696805972037168,0.3785021489175206,-0.5893905948504429,-1.4895313533802972,-0.6478460484060938,-0.0424841225428204,-2.3576918940430893,-1.2133700702479149,-0.7375559646469723,-0.2574086071849611,-0.0543364797487045,-0.610867778207135,0.5058731822029174,0.1247069030304649,-0.3700632845051798,0.6437753809379322,0.5619406165101333,-1.4537985507462725,-0.0320275691586448,0.8902605314672007
7.195914151533737,3.029412209110731,5.160055699990394,3.793089235176757,5.442591157085129,0.2471170327493608,-41.995193428535146,51189.15986710849,0.2996632740660123,0.1759376421056608,-0.1802494819820225,2.591375473708986,-2.4896947852358897,11.194587243934295,4.242893586371167,6.05342343382516,1.544984795382366,0.517230050277387,1.2668472405671247,-2.034248859510923,-1.2422492314691227,0.5140481406864676,1.550630593257668,-1.141236216844728,-0.3877617827065225,0.4014641418669948,-1.4524983970876972,0.5216912595809831,-2.6756846490362367,0.492239464464855,-0.9950849678878428,-0.4475971905164135,0.6518839479369677,0.4472521554922508,-0.0079812043517044,0.9690405516353496,-1.7001760126188237,0.2044143715014137,-0.7901701308584828,0.9180314686799862,0.6870670696361196,0.723348218864005,1.6453818327071346,1.1263475324349776,-0.1574213337734109,-0.0012678534874969
1.361636025047634,1.8438283347587785,3.025785730865372,6.254955904296928,5.138279403908459,0.0986501643826202,-153.35700175664738,54209.70324784704,0.0611324698881667,-0.810820015227557,2.129753478580476,0.2243288037659057,-5.844411203584601,-7.481940301104701,-8.502189033920384,7.342411516671396,-1.5129567666002677,0.3108581907948113,-1.5786752019029893,-0.2125013646911651,1.1789483992366676,0.5967586463018494,-2.023653978012167,0.200451504340317,-0.3191699146025943,-1.2737174007254497,0.3350212958021024,-0.4917378487907272,-0.4855340386394977,0.1240451184267202,-0.6258845309014845,0.0957358338665632,-0.5933248896299341,-0.538461460622542,0.992929769295528,1.0946716363802766,-1.708654247142625,0.7470728438465525,1.3985910046261056,1.5573768174035765,0.5203797258851188,-1.0573978577438974,0.6299808403475345,-0.8692523552159166,-0.3429651661566541,0.3830821570448189
5.587136345442525,4.1405086058232605,2.6868897191109378,7.312771489915782,9.976272263960915,0.3013387247526623,-104.76282037502662,53558.18520397332,-0.9820942436860902,0.9949705146113156,-1.4145867612719236,-3.838111487558536,-6.259474836315719,-4.064915874438848,-9.99901155529137,5.456540860531577,0.261261708605184,0.1877094481279248,1.1517714693868732,0.5221638703884174,-1.239411647055091,1.002269272618513,-0.4140644328003226,1.7202653088549351,-0.3547798873503571,-0.2112913577932558,-0.8219203325737525,-0.4985980356741741,-0.7629406833321151,1.176448825366272,-1.3315082995544527,0.804579635737642,0.8286601215177316,1.3775475229465746,1.0,-1.0266937580742832,-0.1717580473599618,0.5946985299808122,0.0847299385001379,0.366727752185813,1.3652861358913664,0.5820033544286162,0.1984415285308553,-1.8443616622206864,-0.7838505846547171,-0.4046751181941884
0.1907876241487854,1.6565168574040454,1.449508496394842,1.7010053693418254,-2.627376717134136,0.1390207549017313,-161.59546036389503,48657.34676047084,-1.4426615294185403,-2.8008391206615357,0.3183178906642113,-3.313233832534754,-5.291990460876889,-9.51821882291062,-10.613215525634672,4.264674648858552,-0.6197516566710809,-0.0630229773798903,0.2158859580355972,1.6154919438900808,1.4890910161111548,0.8315426650725335,0.1212606623491845,-0.926924086099608,1.679637233421262,-0.2476421306823087,0.2813741339352519,0.6273523885443659,0.0615958553726772,1.1510973454488218,0.455391944102519,0.988638522139262,0.4473455593063374,-0.037899662218565,0.0741856115221656,-0.0622404783240017,-1.28428581842945,-1.0008194609836172,0.7405475358236818,-1.2593712749659631,-0.4042232903751864,-1.0501035694666678,-0.4577189480388182,-0.1552693041037594,-0.4062337583664761,-1.4283644272500728
2.564643655814006,0.7927791422003576,-0.0955894326110389,6.527315433169139,4.229392710261357,-0.0709694742841107,-281.0252437014381,55541.07211628278,-1.9925954593851445,-0.9571344840322276,1.0695570916100192,-5.106639798240034,-1.1005938769614074,6.706136108355967,-9.271783913280023,9.253127375434298,1.157553191675312,-0.0288026946744215,-1.3285025290151236,0.6802154559028234,-0.198849743517651,-1.7078379261395442,0.3324680837588702,1.0065957152777,1.282135740360131,-0.3783518825997664,0.1453180553257378,0.0505363427929114,1.4898026315713533,-0.8104885823733168,-0.4646594522045416,-0.8347203094498064,-1.449150523112887,0.2477871810520819,1.6012983317775875,-0.1984844585150609,-0.8818966215431343,0.1868597022320684,0.5891181787726557,-0.1563631374365723,1.4035353319541772,-0.8123618942875219,-0.2869696365123627,0.2959879048429619,0.392963752617827,0.0472280922981607
2.5219415656168978,5.485379574368154,10.936942977915278,7.370657900276223,8.849868854158895,0.2218953310665067,-66.15161565383089,58238.58462905139,-2.731307901978313,3.966772469703423,2.0979398851823405,2.397536459716198,-3.7793882001553576,6.742015291169524,3.97010640812757,3.2577678754259405,0.7345981283029958,0.677181686725047,0.1825292803974387,0.0108787582022304,0.5610670840259165,-1.7417035530801772,-0.371274712614253,-1.646863858292846,0.6045923447025049,-0.6758139710333193,-1.5715780786791778,-0.7937865240189697,0.1493562014657851,-0.2052283825558101,-1.1731565590327733,-1.704868601730616,0.0739327870305021,-0.5807681067504609,-0.2580807098640508,-0.1596851874882997,0.4300656871753184,0.8469465017699129,0.146509200958443,-0.3204625497596438,0.0247635380958027,-0.3392369672596214,-1.6425533536331212,1.091946171289575,0.9034388624878038,1.9883339935805964
1.091699925588682,2.3690939739830865,3.0830538746357656,8.954731721177653,9.641046880064351,0.2561511196726853,56.25249192431448,53927.7386456086,-2.879239446488297,-3.322486325412844,2.2166753732743008,-2.680479701662825,1.204921604650751,4.760155727449015,-9.644762167721224,11.053149866264668,0.6593409950691119,0.852174181321905,0.0049105585635534,1.034360098014559,0.9615000943039684,1.1490280629982936,-0.6235590552991402,1.0336292027789111,-0.5213361424671525,-0.1571012299895085,-0.1776270376232987,-0.9981039109477716,-1.7355176103597263,1.223724042504721,-0.7022495423631435,-0.2697397245750924,-0.7307167800986489,-0.256654536702298,-0.5059029403923645,1.279083869442422,-0.5905041485967646,1.714554147761008,1.1392713991971015,-0.4744469914944789,0.3198116347961781,0.5193463295971336,0.8416072037583913,0.9404670077214295,0.1866326565127387,-0.95442309964191
3.158595579007404,5.533212186278211,5.422558709698059,8.446434441232542,12.491691073318933,0.1768592278863257,-15.937997349544702,53639.54711151437,2.0616551401051524,-0.9895618915337668,-1.2606249585059626,0.6644748698351832,-3.971220128393732,10.194913033812,6.377772204739207,0.7421462064131663,-1.581355226130057,0.3884228943128649,0.6822210809128297,-0.8269805995836251,0.160894204199062,-0.87996435202241,0.5117309642699077,-0.6886180485624596,0.7889701250469207,-1.8115918203349888,-1.0049759150998872,-1.1088163212865454,0.2033537584049977,0.5550896994415868,0.2806373667826869,-0.5089765283907034,-2.79508706594192,0.0387022947575632,0.7880490843170695,2.680508871633245,-0.4243952207106612,-0.6653155109340871,0.3202547812881538,-0.2561584432214462,1.2753734072632077,-0.8081886582481381,-0.2488477189910293,0.8762130742723462,0.3083643126318857,1.1612076717580284
2.346448209496976,4.00629243966182,4.251041582588533,8.305758508831845,11.81767076081674,0.0078189333258156,31.75975356079596,50030.374968004726,0.4128493238328676,-1.610218479772585,2.01107045194912,-0.4994073847056867,-7.393658582271794,-7.437270892269634,-10.949595298712742,6.156797884112391,1.5293041944868857,0.2622147322368549,-0.6099362944466604,0.1450806495092439,-0.6577873892955772,-0.8242835576787516,0.6832603895033258,-0.1390503197871987,1.205095653450029,-0.44242298924357,-0.3411745806700109,-0.5665109952314721,-1.1201834386872052,0.8144248986165911,2.1857116646141543,-0.3822272385661518,-0.6804959436750062,-0.7453234837070906,-0.6797332276003801,1.6497836862408015,-0.7184805197598915,-0.5852668008895399,-1.240354252150972,0.2936487738630704,-0.0672295621509868,-1.1371787758025602,-0.8928295973180795,1.5329333705355574,0.0327077562687679,0.1016853954472976
3.1847307553596544,6.734836480560133,11.859148053355486,16.881504692657305,15.996375304132435,0.3444602668220141,101.31057981760829,1.0,0.8926528144677324,0.3008108763523278,3.498448405054309,1.4992993154880674,-3.7885053038282894,-4.24709832961114,-9.21177397935462,8.780879341930236,0.0244073395331621,0.2148265061166012,-0.561782494830015,-1.5534277984667928,1.745871336135157,1.399283341270051,-0.3819322717253647,0.5102276451696075,-0.4847906763568931,-0.9954036030247476,1.8272615049570136,-1.6553688814058016,-0.2855036969711149,0.0843238272422338,1.6512365786872862,0.8965886542360184,-1.6722497745673186,-0.0027502410341822,0.0210601983643595,-0.2283383352994422,0.6198091075303009,-1.4091069277559771,-0.4086359125366701,0.4788187482130753,0.6795756851606412,0.1494194735091969,-0.288392200300299,-0.1199412736264725,0.7404071223772372,0.0339007841254599
1.254261221288012,3.4346365993941763,7.066634984960413,7.559159726520418,13.494481917950866,0.3238283071433636,-32.041821806040204,49134.8376589656,-0.5726860410260972,-0.6016066244338577,3.537543566518841,-3.352254520540188,-5.593137756348241,-7.120017388221087,-8.866852068490044,5.81972886854199,0.3419216105893036,0.6029000452481538,-0.5864120768279117,-0.5790616013392247,2.2578563002576475,-0.6582142988421027,-1.1218809663342515,0.025114084026011,0.5748423257703992,0.5324337287103161,-2.4680677543056952,-0.6607315058889722,1.1528880451287398,0.3266894653417058,-1.235791411506426,1.2424093078962049,0.9648977191061778,-0.2966016080228718,0.8794671868111364,1.99975583195802,-1.0543801952454162,0.5554461822029292,1.985944776088008,0.6530295532955295,-0.7543828593643029,0.2389132404413874,1.3698832599523625,-1.0157664669241608,-0.0300967072905328,-0.2434828217817324
5.866754646639395,3.3872622724057075,6.594462036084856,6.32467683336208,7.891379171723501,0.1119580368414153,-157.7837197012802,60521.70121439076,1.152780715015056,-0.3788273419630995,-4.289605405100476,0.7838000523956983,0.9315944711268728,3.790173602593652,-9.69996025773402,10.329205189565904,-0.6354231068357553,1.684348516124981,1.0000217150928223,1.69743218133677,-0.6808829045078987,0.1361377401312873,-2.620670959681053,-0.281802380686724,0.0984983480246809,0.1540480777017721,-0.0423684105416729,0.066592571751668,-2.713242634163412,0.2562218360819781,0.4834398919300388,1.338025402628851,0.3687380592769306,-0.1307370667132382,1.1049419222309718,-2.357334224599479,-0.5149485306271437,-0.7658099800587114,-0.034521799831311,-2.1986928122291647,1.3196356622437186,-0.249809899684246,0.3187966911589339,0.2230912250598942,1.2624898948769503,-1.8619501348740477
2.259882794248424,3.436989217474354,3.353755522351417,8.234741898293317,12.87010911380495,0.0843105721028604,-42.03668267864244,54330.90255121995,1.9974541067260967,0.9391436366968654,-2.0346478155948096,-3.9350482514003513,-1.7262852746274038,9.4597631380481,5.0156181117469165,2.492841998186196,-1.27040874397943,1.970864270717799,-0.019468699077097,-0.8377094318949696,-1.079392457099354,0.836328719335456,0.2388293861864138,0.3450753769458505,1.286503119071931,-0.8021545915096441,1.366154628273648,-0.5191573227936902,2.1640073739123564,0.5987390159931402,-0.9202385297763772,-2.02541808332048,0.8089247222790114,-0.3741802759901836,-0.1555656945218355,0.7661960091741071,1.0104138262506557,1.2237103406692909,-1.1748413083829363,1.4258947496245888,-0.5790453361681495,-2.2562499347482268,-1.1784403468600455,0.218025092132565,-0.9788142460811394,-0.0880444691760438
0.8436182895684614,1.7555546103083346,1.4560216744204266,1.1743284348522018,3.3892543353089297,-0.0755745159492844,-272.6478891901527,42079.32028497255,1.3004716249133956,-3.149958938866048,1.5190929391560857,-2.1081840477379163,-10.587093941342204,-8.075452476481662,-7.972719565865201,7.018954836434214,0.2452121734683543,-0.7945458080713664,-2.8226349582445267,-0.2828099950425463,-0.0500653582304976,-0.2188859236561666,0.243113348283716,-0.2695080867258508,0.0691498161365467,0.1701120016542962,-0.0351780887704345,-0.1707758322020781,-0.8936535102956071,0.5944456040041143,-0.2829973472998606,-0.3638257255478991,0.5122943105042589,0.2119580270015632,-0.6982203212215793,1.2506586429382711,-1.1892239849123798,-1.0314745439107442,0.6683539678434582,1.7511355974144434,-0.5774021922294386,0.4128213727331455,-1.1923635582683558,-0.9289853160893052,1.1321981917206816,0.3657630307571361
0.1149177195836834,1.8967523261479144,2.3557007006030464,1.3048060361082952,1.2910779377115071,0.0028181157369128,-330.3178950680345,42094.04648983933,-3.1175913716668213,-0.2195390076322847,1.289256492635393,-3.2649584610871614,-3.5292347054204862,9.362666673939827,5.079487546176123,0.9016425569011804,-0.2065467344489443,0.1611159588561776,1.5371378108818,-0.1237171701384864,0.7431321798582009,-0.1478162650757708,1.0709129433745872,0.7528483312002712,-0.3333149945080039,-0.405301060803343,0.4869606394296784,-0.6554060396046076,0.1906325956312108,-0.3557965779298774,0.3681026481568129,-0.1610175756624195,-0.6925811773904662,1.1053069074036117,0.2395562372433815,-0.0535853753188605,0.4199887452208046,-1.671187332896633,2.09018482476606,0.0246877638856583,-1.9631729098813249,1.1970945262589563,-0.7513885026828745,1.043713353276131,0.121567487712649,-1.5704148248389855
1.653206281931595,4.933342761324058,6.994647367853288,11.395931725248232,11.417538240887817,0.0703168052044153,-37.36204204535882,56151.94831978183,2.3548482999603064,0.0875595254277782,2.3293304170031432,-2.8880610963238595,-3.697978730701801,8.842181465997973,5.397359754698787,3.2718024751959143,0.5223386304721858,-0.9717336207717224,-1.2702092433869467,-0.0575514702381596,-0.5735140205204284,0.6126409425877073,0.6792608808887145,0.0655032681193436,0.8277131735827529,0.1933043981059928,-0.871689615568809,-0.1982747167143214,0.135733042587102,0.9289250606418464,0.2249508444391532,-0.5714506046542517,0.9661713059476548,0.3807558457479327,1.5456737255866613,0.087277468952216,-1.0373287137697196,1.1769793635484866,-0.5767899634632523,0.2954241270007618,0.1857166893689645,0.0456293299878639,-0.169819972177199,-1.6521441318888168,-1.0021039246304306,1.1221323222304762
-1.6197451040897444,0.5429736646547214,3.329860381351992,3.163423956554771,7.70136762314176,0.1099928729996204,-179.9430802769057,53166.08065631751,1.4386078150981896,2.074094577479859,1.4876313970009163,-1.8380839376328253,-1.5730178974745177,9.95680439209474,4.621508676957729,0.6272881267119848,0.6138663461407804,-0.7445605403930292,-0.414372661705184,0.4451042548327066,-0.7989206559187648,1.206118434774283,0.609175233440241,0.1715095481948434,0.3909405982809195,-0.4668906169407998,-0.6262914221876187,-0.4247222161387209,0.4999666922598495,0.2010149807086534,-0.42271445969271,0.7495817433076553,-0.1739464223361538,-0.693310745589168,0.2543415092985207,-1.0130295116228378,-1.6872237499357012,-0.0051045755652639,-0.6574137937108836,-0.2541543526698495,-0.9667329181444496,1.20893213970257,-0.6614927439281383,-0.4319993781708099,0.3778832675832342,-1.376614298322683
2.6839292110662507,1.0,2.3955998656346518,8.211454385660044,7.528042285646642,-0.0347126289529696,-51.4270004320137,56804.59723970619,3.190883060442335,3.42387439163406,2.236915289695754,-5.654359077048821,-7.238049261450884,-8.241455086338343,-9.70348475248851,8.456609754237338,0.1934653709882393,-0.9679723903754718,-0.5117817241250272,1.5676785372146536,0.7484822943836419,0.4185443200939727,-1.937974547216548,-0.7164729010665846,1.7389918103268525,0.4108319631241505,0.5355953968440476,0.1705551539461058,-0.6129894889335459,0.3325415904564431,-1.5302141458225098,-1.605454699039078,-0.7352747193775556,0.1921642360332651,-1.5696731250284734,0.1270426920148999,-0.9945592463314714,-0.8598254707878951,1.2995884776652062,0.0372940798206618,-0.9038053784355482,0.1868334727609517,-1.4696183040062905,0.3823303277998872,1.1073181865159336,0.661728735021597
5.698683140073498,6.256775892881066,8.947311416605212,14.304187544719156,13.787716876361037,0.2894671529822981,70.94518171390395,65668.85048433533,2.4287210621334783,1.615061999637619,1.2594997567973485,2.474247019716893,-3.2170954217369,10.64771202364937,4.736298864871295,0.3565525170467727,0.5406307261785857,0.4715284841752391,-0.2548996154888451,-0.648460010942418,0.2313623243412907,1.3768858861758493,0.7628086895732948,-0.632468416310135,-0.9917726460793398,-0.692788987709958,-1.2737428853658157,0.1474094823272444,0.8137861787342837,-0.0713399985004032,1.7197667929295155,1.7754145751546893,0.3077352688284212,0.7019377404766833,-0.9004579779694477,-0.3608064938391779,1.2722703777665494,-0.5792726172884418,1.487379807016452,1.1125641020748327,0.7516239610463575,-1.17269488965964,-0.3119864840703217,0.6442088388441277,-0.9857480745020302,-0.1900772472165981
1.0870470682381712,2.949995232755523,0.929979255908222,3.5491446258231885,4.372426158065854,0.1718761851697317,-301.5821818978397,53435.62082600912,3.0282628366722077,-5.1167367665142045,-2.835247868369544,0.9961957474932196,2.970911843447457,5.620283230361004,-8.655595170758156,7.042859963404201,0.6668723450757911,-0.3370574860446252,0.1379165209180601,0.5205018830769746,0.4261031309833971,0.0406140869655327,1.432586118225296,0.5826808130151858,-0.4506790164977327,-0.4446690676989048,-0.5580863501366736,0.6321209472278112,-0.6227475600019066,-0.4248990892028066,1.0580223881158126,0.191631962067389,1.1985326271211874,0.7980598733523421,-1.1766718290700633,-0.1021330582407013,0.9899490399685424,-1.2221760651510123,0.4197108203586762,-0.0392364736987439,-1.7547887421223871,0.1196593045189335,-0.8374680161265329,-1.167651782116426,0.0091406758226327,-1.9308529392530067
4.952159952550529,10.77593296666803,12.62525399122605,16.908825203203524,21.331300418881188,0.6006092888159124,247.51976297824297,61590.62674386141,2.6384293356156725,-0.5811502061947245,1.4152728474169751,2.988025978166009,-2.562936681717677,11.36125161191933,0.710261180093485,3.206023440503568,-0.0807056522171273,0.888773117011151,0.3611997437513984,0.4255942534627963,1.108042858383234,-0.406242448869528,-0.616830877122271,0.5759044369323361,-0.1494314860110893,1.1222035676977151,0.3697734371150561,-0.6233506802902617,0.3383840268111418,-0.9026996642225332,0.9469284683570564,-1.3971523065481517,1.222065274196185,0.3208765111845771,-0.164560969622674,0.7633341509338765,0.511326644162355,1.3303816856580606,1.321061738353467,0.3522904441662863,-0.8717706880415772,-0.5415090004462412,-0.0716468858116483,1.0817216943950938,-0.4563864613374754,-0.3729405204301365
0.1988963044107112,1.4284185831580567,1.0620093865060003,1.936711753829352,-0.3375058825716488,0.0267392314071902,-127.30667761156924,59505.95342876504,-1.1461359678508936,0.1751564379071782,2.2101214596058187,0.9750424087696256,-0.310724469670419,8.675621677468518,4.741171143259988,-0.1639525953794534,1.4158751492646091,-1.4070485309989456,-1.7060630805981012,0.3714606883175098,-0.8807601911147211,1.0890990028474443,-1.6837056253659834,0.9618064725106198,0.8209819347379005,0.1180159641079059,-2.099571642580309,-1.7233031203192697,0.2399352777249258,-0.2327920003854472,0.7273302849030036,-0.068216291731237,-0.155180632252334,-2.426317573458733,0.8224323117726177,-0.6491461847589073,-0.3982059237192233,-1.0697790431091505,-1.5404110639503477,1.472137828165119,1.0,0.811995575354132,-0.2165106180993676,-1.737922445965795,2.102044755837806,0.4222916312633958
1.4291075019388877,5.8610507069551545,5.7890210675512765,9.19671324103582,10.731522691631042,0.3607345576019993,-21.671212845385785,58489.91576735448,-1.511137096697684,1.6321456867876958,1.916953055209509,-0.8193670572207357,3.9059344232244566,2.819540602591653,-9.86861758032599,8.738600455828625,-0.3771178736934479,-1.475411401094023,1.022512793696016,-1.2637690772205423,-1.3705590420670095,0.0882357538859486,0.9739051199932284,2.0548546198131667,0.5825450545031773,1.5798297187236194,-1.212056651726562,2.1597392606609995,-1.8614844505554884,-0.5038392538876806,0.560652519578775,-1.6052170156959435,-0.9270500919253336,-1.0859225292896342,-0.3102210072497345,1.421582856672674,0.0168250662878106,-0.4630639442340176,-2.884324367178201,0.4667552048385791,0.7900154089781791,-1.7000197678102116,-0.0669723597225216,0.1930081903320469,0.9646017573036936,-0.724768458245474
-0.2198442083947086,2.079519850519901,1.7892919802755336,2.045309401808738,4.984164437465413,-0.0668090453643048,-270.3673750176966,46457.96616544769,0.069926444136918,0.3713851794821188,-2.026631671195452,-3.3548224636958377,-4.632253736128371,8.383318144050284,4.125807061437947,0.7697537801083036,-1.466905945351919,0.1921142670786684,0.0944069534041601,0.3601912781016061,0.158230869653286,2.1356874094133724,1.16167823132323,0.0388090004548017,0.1302390838495389,1.7636192077507902,0.8630877860052469,-1.2290028604944463,0.9489482228070966,1.2428010820599429,1.6177170757757846,-0.4014916816074884,-0.4744504954689675,-0.9418150214473304,0.3081274643361337,0.7328675824556993,-0.5133291866775045,-0.141815297669161,-2.053717795619064,1.50944905040265,-1.564976371500097,0.374779752192804,0.2382548333723474,0.0458079685315967,0.0687968783396897,-1.011781175722834
0.763049289121918,5.624646848998495,5.36483889884075,6.692902926420422,8.215493770978647,0.2036652752527286,-80.5615698422664,57848.21096099047,-2.0863083577626185,-1.5923414093874892,-3.547008667899226,-1.1931123417207536,-10.856081903740789,-5.242849315392254,-6.969199967889567,4.213437566886479,-1.7021343999747025,-0.5974233651432281,1.0779017394533252,-0.5540552934127837,1.5991566845286145,1.2010147611718904,0.2829461845074849,0.3397238593747569,0.2820026250168557,0.1597177286821,-0.3662416974781795,-0.2501878332071628,-1.069960156592582,-2.21004278929018,1.1040706092820498,0.1572584367852983,0.0062113556217861,0.3984491228578794,-0.828397454793649,-1.001062213384433,-0.2836846936781526,1.3680984817638129,-1.1687410284931263,-2.627065356808166,-0.5214010918187526,1.142699916235183,-1.7325440243543535,-1.1802836038228717,0.2635467405781687,2.569907035475335
1.9748574133423928,6.702142395662726,14.331664222247609,16.04301734239125,19.31757006622252,0.6058199285668253,107.00521631131814,67541.51923600532,-1.9824076568359188,-0.4298207103001564,-0.1327752351799438,2.08506208526467,-5.571146236070253,-6.605096584668419,-5.553623356809502,6.1110754874659765,1.7670595744577011,-0.3034877594984356,1.994344949719849,-0.2899170858638627,0.7073785751419703,0.7020106115294077,-0.3873115382233525,0.0726273881794027,1.439900556356811,-0.3221824497620061,-0.4175460662545877,-1.1534672011861151,1.5675522201049312,-0.4807765615046036,1.1999802179479444,-0.6013548170709753,1.1685846151954142,0.8066431167227499,-0.2284319210663584,-0.7342759712894197,-0.6530305754580548,-0.6657998701017706,1.06518318012364,0.1602303646134059,-1.1151224325087037,-0.2521334110010799,-0.131020101940283,-2.138988893613738,-0.196512914426169,0.7231929760287334
2.9633761292443217,3.101816156132136,5.615556124563847,8.298574597050173,11.070557814997514,0.2007835756289624,-123.89320991696944,59739.55128058767,-0.3408516447183545,-1.6570308722749996,1.1935655593499528,-2.443784379511317,-4.5757016749883865,7.607548568325638,5.412431737041091,2.743848610309045,0.6408883245136207,-0.2365063754575232,-2.7892049920138704,0.3902784770595461,-0.7341100512387413,-0.4583880768536867,0.0060211358166919,-1.553647043369941,0.1390414771133861,-0.3167074442742699,-0.8772199858868932,0.0462418250181992,-1.6901962176328016,0.0756267783904034,0.4705989135033593,0.305248659617571,0.7888842075486421,1.1653523825521162,-0.0813477270357486,1.0954494845089495,-0.085085165651021,-0.6994608735492777,-0.3927506183970796,0.2669775898716591,1.085177848172317,0.0014628548137902,-0.6736568716031917,1.4442600468203788,-1.434816511346655,-0.6672053844763253
-1.413280244657798,0.6969182183282077,3.253796100824116,1.9440184152048607,1.629005498702221,-0.0735529942589766,-64.59074336658117,50218.01223186227,-0.1480507811975604,-3.080495264062153,1.0656666015936007,0.9958276700005916,0.1449910985785094,6.327098462030798,-9.711536881672805,11.074140790622078,0.1123211654698123,1.1461782607048605,-0.0979864467206913,-0.9512693931383018,-0.6038901156557858,-0.3929420018064045,-0.7210500295229891,-0.1528111170673594,1.5082474031850015,-0.5973647655374826,-0.4876739742789991,0.4597805840503131,-0.1748203639638759,-1.3291851333448823,-0.0611884377790216,-0.0988914323969255,0.9756783454381532,-0.9721523982026612,0.9823194827554432,-0.0978308120999435,-1.1079416709149958,-1.3087783120769287,1.9343885279085296,-0.1599160228354403,0.936504116730488,-1.7081193946081297,2.6376948879639013,0.8932446283671284,-0.255440214155209,-0.3061658578555098
1.812525822394198,2.025204609959311,0.1466256507510048,5.4234092729975,4.158137837638596,0.0313028697014554,-120.57353203781727,52384.25941479384,-0.6708334007946655,-1.1845330616502303,1.085408795953448,-0.9376282113004936,-6.907396895139855,-7.313097551656154,-8.354249916128875,6.082676500170219,1.3201841971984174,0.2976049427971223,-1.0843712084571229,-0.4430948739560706,1.1817613956614943,-0.2781192303112381,-0.3371881377911729,-0.7812967068230585,-1.0249923138187629,1.1833238104431567,1.6739015887420603,-0.9851944027873476,1.4049423292181198,-0.4873894162901053,0.5336479953688871,1.410213804814408,-0.1450765957036321,-0.3279419202673591,0.8010809637881857,-1.109952837036249,1.1470613778404304,0.1428093924425832,-0.5777505081541768,-0.6041676033158545,-1.383462511828366,-0.5361721666239897,-0.2640377619944011,-1.0612935317114818,-0.0454649761290044,0.4729170845254956
1.7546118839971294,4.081022177692131,8.439148856068492,6.357575520942303,10.187561987113376,1.0,61.53756894694419,51403.07704206788,-1.292136317598791,-1.7291314545566032,0.1338314484747372,0.9940249403380216,-6.796039822718228,-5.238822315569523,-11.37702470120824,9.617848394689624,0.9092339421829704,-1.011941946514925,-1.1812224476083824,-1.811023142881992,-0.5831971578837205,0.087106219305971,-1.0077842719176842,0.4310880736371018,0.6518577695156011,-0.4744904447483722,-1.340017727923552,1.3809265638012975,0.035142224620872,1.941206008265922,0.0923791493920685,0.1622129172462239,-0.9644968199896022,-0.4235433333907801,-1.5588027694179176,-1.3436243632847782,0.7411650473265385,-0.2825833831169834,-0.4226580286171217,-0.7404259806871265,-0.3855237044436118,1.1330634416071723,0.1442217568726688,-1.180014880094287,1.0303846938889931,1.725038589798016
0.2658630430508194,2.520293379023947,1.101747826669939,0.6266275517100581,1.5365766191909778,0.0558326912521722,-269.36594592797184,50377.16819450796,-1.2862277600379548,-0.9731597813476148,-0.9581021147235076,1.1204798082051672,-7.586184649578755,-6.532034687239492,-11.010454268881997,5.212327253933871,0.8209668843684006,-1.6376049174566718,0.1196002626671043,0.3191602900919905,0.1310207620786982,-0.3337788708388873,-1.0122733568370152,-0.7893470120509625,0.1020749162473836,-1.1135192324279926,1.7701676156472728,-2.640897679343706,-0.3234378675446039,0.110389639107697,0.5074209278332887,-0.9159247272624272,1.1342947938882124,-1.3938310438129229,-0.566128588607568,0.6207475552794239,1.0401885647927522,-1.4040012963810975,2.6450367904151584,-0.8974915631672096,-1.3121824775277826,0.502714891773257,-0.3482934535814571,-0.4960523125397443,0.5956440575697195,-1.5272956904278092
2.6565536086338297,4.853937853706668,6.128544810860275,8.399013893937209,7.038282255477595,0.0856481769619857,-102.2868062298882,52061.08124045881,-2.693341118405583,-0.1497518764129791,-0.369169326490631,1.2062647746088204,3.74621022429269,3.1066869182320778,-9.640792849829394,12.054397996693153,-1.1364499386607043,-1.2421790697284936,-0.3248836219917387,0.622932269811964,1.810327590722696,0.6589353548536838,1.0848277401561082,0.3466976285016636,-0.6851159796427303,0.6517110765969125,-0.0856080489281209,0.377033837828013,-0.9460298263509612,0.4664458008398059,-0.1205081967658964,0.2312577471840836,-0.0850731748251321,-0.2772031153416828,0.4846907796184085,-0.4060911288915637,-1.5886881303775895,-1.8739700756824451,0.1844165694269777,-0.4472178147288559,-1.7290991774320503,0.1065349670537804,-0.0938745549733593,-0.4996135932227324,0.2468093181808525,1.315094010107804
7.05564676407839,4.872144256407173,10.29363782688966,12.389343118916306,15.225404104766232,0.4202214944635238,63.47214685617699,56731.1683067559,0.3114307274469334,1.558547774788327,-2.7267452494423168,-2.6866682806390045,0.9627902269575128,6.2133883393107,5.669269121789871,-0.4459041228437455,-1.3441028161824136,-1.1537327907242856,-0.8451286108266001,-1.0996472940492623,-0.1079946501638679,-0.6029649001521598,0.317908384095675,0.6494304662030627,0.5817789597188892,-0.4101262451847562,0.2844756294644722,1.035128916176733,0.4455645812774899,1.85897769444342,0.982178986766688,1.7184070726484617,-2.4923431279300647,0.0966761211402322,-0.3239325009522182,-0.1249797303142151,-0.8049594201041393,0.3961994003841796,-1.8083564324174128,0.4034368628712907,-0.7717112201805404,-0.5003860901204341,0.4385017695657377,0.0787777278663334,1.0539209114064536,-0.9695035058459894
2.8657461864362808,3.220010406886022,4.578014877204172,7.901429237516934,8.078442987810492,0.0512088591854297,-214.3549832317462,51037.67870423553,-2.160162956312339,0.7531480302782487,1.936012949881267,-2.047172982857685,-8.024515925965046,-9.587432744272723,-11.279641413460755,7.395650335490776,0.2155996837058668,0.6331686033160521,0.1002564870451594,2.105161380972418,-1.209812197057912,0.7544756997706997,-0.0412437066390535,0.0021462821265419,-0.8125757823108081,1.019343267248685,0.6528415343211572,0.8336373968036918,0.1692454048189646,-0.3248948146402249,-0.0665615485444568,0.4334656500556398,-2.0055761729197408,0.8729328675754577,2.4261928146830667,0.4803350469534765,-0.280926624207774,-0.1612352546792695,0.7075423509341688,-0.2582886633151183,0.8686752713391771,-0.1741407171302439,1.7141834666243372,1.686596136022188,-0.3301696679409411,-0.0810238367387997
4.633919022318011,7.224112538908968,13.37576737752372,15.646457321872536,22.93111392163137,0.2948141854107553,83.11782768099894,69944.56685737321,1.287860694497967,2.495513668152431,2.0890279724869214,-0.4986644541304518,-8.139209954422434,-7.77919856144198,-12.02417134310072,6.5348903829775615,0.5143771366138569,-1.8132980723663008,0.6370518396087587,0.2833780024017623,-0.2538590771450713,-1.635197509984249,-1.5549488234341493,-0.3984816451323545,-1.1249400218849843,-0.3337586054906369,0.9061821573482992,-0.2730212174159279,-0.3004449377311647,-0.2996527756648127,1.0134019309650404,1.2933698874856707,0.4219337121735103,0.1365915173983928,0.2295626148559616,1.4279519022530862,0.4762527600872207,1.5224389097565452,-0.4190848519870759,-1.3355690197014451,-0.6690594839657179,-0.5627969307520315,1.6045279277362936,0.7364137445360135,-0.6374565243176132,0.8084111769326973
3.0280681342105664,6.701156752532346,12.181052537606636,10.121793077393669,19.23498241023084,0.256254169967659,27.653401762814784,55101.90917605535,2.822896221956444,0.5535868986505766,-0.6652746367019181,-4.386674219069526,1.1588434955075146,4.344466277888951,-5.748183306680759,9.254107193652912,-0.1376278822574411,0.254406878746652,0.4845131307727723,-0.3426022407710725,0.7307546611603922,1.4574842978317002,-1.5238586374474048,-0.3448497524065404,2.329617483453713,0.1705653832079994,-0.034851950491005,-0.2580424302220646,1.2744351442728192,-0.938993196229168,0.9261745266851372,-0.2767510307782532,-0.7498429227081852,-0.2311026506691534,-0.0463804859020727,-0.4977436254228347,1.1127725178150552,-0.7420840949227768,0.1400748479598272,0.5374325913880298,0.1297230486833732,0.7722299334832914,-0.4335640327635492,0.6226270398123211,0.6522282001166947,0.9681200772406188
1.267434729152909,1.532583313775474,2.8963141579346017,1.0789794780195616,2.85567928844632,0.0538755992446369,-436.653661707306,48769.687559350255,-1.3759893147952018,0.4950238331524088,-0.7522647619482716,2.539554275182013,-5.626089023053558,-8.574669875262373,-8.043621489763087,9.485875846485554,0.3778292212221578,-0.5930721344322301,0.3147063075544686,0.4730509282332128,0.9373272918208768,-0.978322207591943,1.4067808557880386,0.3614155237719795,0.6082288953073121,-0.2209422615047605,-0.9281426382790504,0.0727246274032873,0.1872955498232183,-1.3854282681144907,0.7932854051651251,0.9965246338965807,-0.7296646238211267,-1.0225853502720914,-0.302961376874301,0.0238950969862995,-0.2641710099153342,-0.0609178327707832,0.2214776976759162,-1.368268938725629,-1.253295627303265,-2.7222777409231447,0.9425452284534718,0.0152270206174492,1.0478511314651566,-1.1377379958113922
6.218708162287009,3.015110880938154,5.173412924431398,9.21632726202616,9.48994667932437,0.2711708480142343,-58.077106542479655,57898.3026613467,-0.6307251391338018,1.1369604505491966,-1.578890720481975,-1.2423635038366372,-9.180798447254704,-4.963594360428183,-8.339856738666622,6.200793110663873,0.2910068624638142,0.3136403674078202,0.6660345733898599,0.6726257608719525,1.7707056507337993,-1.7181374903760358,-1.202803194645333,0.6622033339461874,-1.1056255017144403,-1.4565879732593636,1.865844552285271,-1.6199421316642872,-0.3512720371106455,-0.0593674512314044,1.3091366419632775,-1.8688030582824704,0.415475151506249,-0.8903770582600778,0.6276112125924505,-0.9068077260268592,1.5723062561857772,-0.9009700184262552,-2.4619797058899167,-0.7888492497413011,-0.2613001105688949,1.0823538731623088,-1.2584148305649208,-1.2386461271140756,0.9605779037089842,-1.375225117962206
-0.3392175232226385,0.2901143333970041,3.578071239515085,0.5686283164487937,3.8890576791670206,1.0,-492.4240260272942,54484.19657932766,-0.8781761878352206,0.9050628727189692,1.4072832315863502,1.7817802032679333,-3.227958979820685,8.735797663202597,2.980376375219059,0.1788597478197258,1.9362771126445637,-0.546223684466106,-0.5204029902394508,-0.8510345217095674,-1.0699425513951173,-1.0515312335846951,-1.8517647462704183,0.4266558105924759,1.9878065647620853,2.0515743218202203,-0.8523681240420008,-0.2721543776392383,1.233342180450797,0.4323469642077833,0.1345156715946155,-0.2567345788425684,1.178301444943211,-1.073050958706466,0.4808750654459665,0.3449338425226121,0.0433719566833498,0.7877296574335861,0.0337372949328013,-0.5345275899374476,0.0925113089821422,-1.592103669637827,0.6127147311965667,0.8682292534995744,-0.6566145314461566,-0.8945112216182736
5.921869281778148,6.042316262366074,8.23711327846747,13.13440601214162,14.46909057907435,0.308857840442061,33.19803305690145,59243.63358173244,-2.162567519387431,3.626687903965551,0.4359948213322747,4.773057917325351,-2.1228720369686034,8.902617254549071,1.761722013279539,1.9333988707669068,0.9641787733834252,0.7211195208758526,0.319554101219877,-0.5227749482165637,0.5027972945255772,1.048484873704551,-0.9858104964754728,0.9763736729794836,0.930874511937244,0.2930510909215553,-0.5379748780811127,0.9354573648487758,0.5083129561625233,-1.015959663194567,-0.3673558087682479,0.8190549384206998,0.1145806171008444,1.0859828944453254,-0.3416466956483962,-0.9998952922481,2.193602615610071,-1.6808950827464908,-0.4998395974016641,0.2797480006999844,0.9860838914777112,0.646449368542261,2.311259004942879,-0.1175984526581315,-0.8729832613505268,-0.2196960242164494
-0.4080240755212109,1.1568886927433095,4.591460463035975,1.1000531585691715,2.456161733930231,-0.0316408449694801,-287.2206776071053,43399.88744389647,-0.8933804575856223,-1.1457441790754974,-0.575786012882589,4.107764392265628,-7.61103652726001,-7.528946875005378,-8.246649543068566,6.6920461942683085,0.9626802348862992,-0.8419937797616007,0.1327878150770647,1.5080122737897763,-0.520438985392111,-0.0146864143918734,-1.8015029965080769,-0.6642043439462315,-1.9062723220007056,0.4291781198749986,0.8316375589515773,-0.2216348865708045,0.2858869672567923,-0.3257304552504472,0.7405453658744364,0.1294619351251988,-1.9856633558035592,0.9399808180928202,-0.3895427945831535,-1.2703794712084044,-0.4389339723440029,-1.90206964854644,-1.2498893112390432,0.1429496101153887,0.2267116863405662,0.3064388342551681,0.0032098677634976,-0.6928651234720118,-0.0544591394605652,-0.4372074469478852
9.035490039142443,5.363690857953071,9.848413931883895,12.548360554204326,13.806778348408294,0.3789752754082746,-97.45293046706416,59725.529996918565,0.1712224353637035,1.9407867796937024,-2.5688607488151995,-3.553080516936068,-7.116639039019754,-7.520431198197077,-10.35648431952626,4.841237907700049,-0.4267063677307888,0.1343281002678751,-0.6483003273443845,0.7030651467411015,-0.5276851944169594,0.2569574381839444,0.1175816806618865,1.7344330917873865,-0.9752409251002728,2.208419091154705,-0.5943498527396046,-1.3400568903608094,-0.2169149904265378,3.2401391486368074,0.8952052350186248,0.6029641034412616,0.7951868616415204,-0.7695934645023071,0.3260443763658592,0.0025023003171226,1.8090667486444096,-0.1086877165866524,-0.3782765445774084,-1.1647993973691224,0.1400144868756151,0.292951833518835,-1.2015881881405177,0.4531636040605758,0.2331795237948585,1.013445759883764
2.422898290585896,6.1658851411452265,5.5294836273950505,7.56290095234596,9.452677734448306,0.0896791634278316,49.83108981479603,67791.73727110297,-2.378145258721501,3.1245102639008437,1.6206900310726202,3.513361893101781,4.718830025138459,5.122715847821423,-10.445078598758146,10.257071215274124,0.3443557692879563,-0.3736620782641703,-0.5072714105938124,-0.5939031720203022,-0.1062214938420113,0.0834811255198509,-0.5199750884075218,-0.3587659360951468,-0.0815228268193489,-0.1824181355395388,0.0310759668750138,-0.6766708032480138,1.0045929091264905,0.0968281774095171,-0.5038467528248772,0.3443842173785348,-0.0743685988187145,-1.733826354483668,0.3409526902216264,-1.0195062023841872,0.9344277832313074,-0.241749638893447,0.7800702973910638,-0.6302185531976071,0.0699292671406398,1.2102435005068763,-0.2690165464148226,-0.5908170987358049,0.6550406137817893,0.6356615967509606
0.9851527753141354,5.460878538727169,9.123061724709949,11.040321884733858,13.075607481456569,0.2399687951752641,143.89289990582847,59885.50196951093,1.254228618493042,-3.2471104760462666,-0.9382980600516206,3.1151329642954466,-5.453991433872194,-7.745465076769551,-10.185949763658549,8.061401672758462,-1.3769616544358936,1.036384967930544,-0.1289046487703845,-0.2681227090178478,-0.4426674606432371,-0.3693636189282429,0.2296353150738254,-0.987579995165302,-1.5686126744824471,-1.0644655390996216,0.3817178508400354,-0.1619381465632616,1.1131931245769775,-0.064912732745021,0.8425131082361962,-0.6928146080500917,-0.4351422094022193,0.0095241579336077,-0.1469769820471377,-0.240365031632706,-0.8721145525081975,-1.5855620458659492,0.631016571988494,0.5192603543577117,-0.6138692230737175,0.378883787802836,-0.1664460094699374,1.1061717517923306,-1.312259593325369,-0.126726341562754
1.3287511096596845,2.495517745130749,1.801482643727586,3.920858064556107,4.932999974282285,0.093693816974635,-109.60651589138048,52799.281959987005,0.1025204728323747,0.909590339284761,0.3830785988896603,-1.2911564291910484,1.3438407559905603,0.5256325659774737,-11.964164349312536,10.538819027456332,1.1876411393589066,1.6923297206772177,-2.326063713389172,-0.4691296593240883,-0.4040114306347978,-0.174484506617025,1.0015304243744003,-0.4662107821939308,-0.0882514627312872,2.979054963801388,-0.1112929076053069,1.0,0.501987657388833,-0.5537089930758496,-0.7207339871754307,-0.0072725949997065,-1.1264731247465576,-0.8638659663957002,1.0,0.2933435419272292,1.8259972117410463,-0.4849544267982628,0.4615180463781131,-1.6278978465820515,1.060288640887317,-1.721682574926956,0.7983864721014345,-0.0809249532818035,-0.1206529427397896,-0.3002647179188309
4.151391251305798,6.865206340371004,17.2290968185751,12.917772316705168,18.002189492002845,0.1804116937964816,6.451362943015667,64967.78361140431,0.3465669063508168,-3.206520933631899,0.5041206854105557,3.9926015411015023,-0.608830899272816,7.9527819297701505,5.305607978447444,3.1351207640847374,0.0088281382673947,-1.0463548733703751,0.0291027083250226,0.9898601405859992,-0.6151876757156072,-0.1288991841181896,0.3406541364121413,1.2030478522059247,0.7754237330893744,0.8168679695322622,-0.4262685566764252,0.4019189551739229,-0.7219633271251292,0.8455260998852114,1.1512196407856137,0.5533635687726227,-0.3674105867948155,-0.2037271280415982,1.8065162106620096,-0.3507104446234961,1.0499941674505682,0.3388915982185217,-0.3341364484598427,-1.3446490274694252,0.2116003805885068,0.0911008666061223,1.8065346714593336,-0.8601926954224983,2.2947685915477845,0.3788105294965933
0.8086965027973514,4.6173266008704985,8.681892112171084,8.350640524262303,7.498769559825527,0.3665002344901084,29.69945465611093,53286.63100132989,2.480647488802834,1.9910649381661616,4.057257848539746,3.107475715252705,1.771623114388894,4.381522085570893,-7.778546664321416,8.172793536759032,0.8900101268264297,-1.3146373957920054,-1.7725785653614543,-0.3636132959016177,1.7111072916770502,0.7111924534215757,-1.9223141054539656,-1.343125267644541,-0.3956003732457072,2.2383531617708616,-0.938954147968868,-0.9308852437031944,1.5274293868801814,0.1949072052623757,1.0530000272987412,-0.7270995401759647,-0.1016358477290527,1.3156318621882446,-0.1448408767357999,1.123053197526463,0.3872673004345301,-1.0396290784189188,-0.0163172123460228,0.9813839922750334,0.6694161911868851,-0.0402528984208282,-1.8917143889715,-1.7959914814097162,-1.5833055896271162,-0.5104422067665509
1.1104855703744767,1.0,5.535234010643251,6.879806696097322,8.642863740039983,-0.0466356589376001,21.715852082549645,54569.97889059944,1.8547390598721192,-0.1735115010978887,-2.402606699535668,0.0296418294892894,-6.322908381094307,-7.786087373349678,-8.708443075426661,7.090007062410584,0.2467304510869317,0.3969682913250424,0.4401478606997584,-1.202483698581293,1.4992765840168665,-0.4034979329442308,0.8220420039289429,1.458432703426778,0.0813760320181998,-1.1814784087351164,-2.493470513485736,-0.038415809301938,0.250144447732554,-0.580775133685619,0.135685453456917,0.4303448381710576,0.9939277907946352,-0.2285653911262093,-0.0453416734600633,-0.1786003294335541,0.0335946333268495,-0.5131843809238639,-0.5179653844944841,-0.4550228392723018,0.1562662416194967,-0.8473140278511367,-0.4509939331264099,1.8085899671214083,0.8963993405043827,-0.9570810772666166
1.632734807408252,5.181770725361737,12.14275272812471,13.286106506856353,17.266322740479833,0.2879051851392218,130.8057798281145,58135.61166088196,2.75921451998762,2.2231573142639363,3.0260185320079778,0.8885544141930408,3.088740187169413,4.827846523149969,-10.129759362812573,11.137191748286256,-1.2235671854750108,1.9815242670826687,-0.4444775331910273,1.2051177396144506,0.1456491219296325,0.3744412244518318,0.9012067804923078,0.8458511844690035,-0.3421465631234604,0.531665595938595,0.4565998486985019,0.2135611996892453,-0.2033165338297291,0.2115648331942479,1.96754074619586,-0.2950273521141573,1.2065874198042088,-0.6196364239164643,-0.8813146623227437,3.276399345113,0.5400241969892433,0.5675134612896133,0.5952277718342022,1.4072997065345885,0.4078100146177539,0.8162218725571921,-1.0585682782565229,0.9839235372444524,-0.2367605580375409,0.6717424821918727
4.490598216256866,4.046784764064814,4.323898311860493,5.973723366283597,8.091772338546265,0.1677925871339269,-234.6356654990873,47828.25564060039,-2.820153566985732,3.6384463665994415,2.6923565272532497,-1.050055363773423,-4.726980608603891,7.934519815606259,3.94892067978842,3.558853023269106,-1.251606656972313,1.5979058601964082,-0.6473772706479662,0.6909252921300084,0.0179695072188702,0.0039612809245876,-0.5914438195394393,0.7700224871307078,0.1543442326423409,0.0967439129390469,-0.5934206101779232,-0.4297759261530207,0.5889111175754248,0.2300556115455008,0.12347231450854,-0.7540424916675474,1.9441077035254948,-0.4797067395578233,-0.0302526617254205,-0.1870336288747208,1.954711197261288,-0.2908146127075872,-0.3823419409756532,0.1183111481166694,-0.6935408894621853,0.1115997169015137,2.3716035801677697,0.2996955555510914,0.2632459217265814,-0.717904892909212
2.5513836742860225,7.755304614808252,12.442463894705348,17.086113616347525,19.69938783683347,0.4778361076166638,217.7875319530908,62037.90039500019,3.799014034492842,-0.7707666550504315,0.250730631530338,-0.3257789121373325,1.0656902584872017,3.3649561234181826,-10.523020903721097,8.564981364499504,-1.9771131794544552,-1.1092685864671672,-0.2684525611967641,-0.1057180247010972,0.5058102656436596,-0.2052925940513931,0.2480406428958048,-0.4177894490790653,0.0420132295534749,0.4509728107517077,1.4726302506630575,-0.514642808101213,0.1441819915089291,0.8691275372181939,-1.4395936078302172,1.9978261250271308,1.1790307525919472,-1.71148848536494,0.3713818416034398,-0.5644534338641156,-0.3973480319181111,0.3505014968221044,1.050399535874439,-0.4658729421732854,-0.452448205783607,0.3721667623661084,0.5719563219724997,-1.0071313718040806,1.7236729016919548,-0.6433143271598216
1.285648581973632,2.718855484740887,6.205154006087216,9.03277468982572,9.41530350968448,0.2828194141849058,-111.80685269910788,59190.25550720379,-0.9578903837072146,1.5858697069862142,-0.9457028446992864,0.41046548901388,5.812698873674608,3.365148396540428,-10.322469277861284,10.964438358843497,0.6075656271213766,0.9956590114287024,-1.6150318721278794,0.2537067194918132,-0.8972549274981164,-0.5666319246194422,0.8458396242433921,0.7462485394318988,-0.6781524611975589,-0.1578420210400831,-0.5360817951208534,2.8917029899567672,0.2783581664453627,-0.8394815912727899,1.3221671462211262,1.357461365683299,1.791670710523534,2.087993682510094,0.7077148828661287,-0.349851743778128,-0.2026167676043195,-0.2920753016065431,-0.4037553671790265,1.2399368072885906,0.0007209069359758,0.9714218648162062,0.6765165547809898,-1.0986549631220837,-1.7171766698622837,-1.236662966685065
3.83071769438672,4.839286695603093,4.891956076847748,8.873404276952835,7.770754029258438,0.084147042697303,-120.12470916343138,59633.52568413792,1.0,-0.5034613639850102,0.8900717282323795,0.709253587079798,-8.018326183481816,-6.654518913561635,-8.325693792970272,10.137779174322532,-0.4869763001880067,0.620148780415464,-3.582062607487511,1.1364705083670374,-0.9125077743940352,0.4079569097506479,0.3550256179349288,1.2749773820208183,0.1977491355380691,-0.8291091806340453,-1.6047549879109688,-0.3488031548729745,-1.9581754288830124,-0.6284857063107556,-0.2926306203302052,-0.6899159780289247,0.0417736573649121,-0.2361040109192077,-0.3276865413287819,-2.4241506170373057,-1.2947051806855492,0.6426567318548759,0.8042562729474444,-1.838776717978996,-0.8147181812341315,1.0719653675991272,-0.7180388134051491,-0.1114907871251121,1.441805329015908,-0.3615773114433937
2.422255222070694,10.694656970146283,9.710362927301777,15.257280253841332,15.03435463675766,0.4726963851233405,19.682021716572457,66765.62522688044,-1.304271960762022,1.1358834861502636,1.933520925217893,0.4999850611719685,-2.8443918010415263,10.08528686933646,5.3497352730884185,1.8639263149554228,0.1377438940031373,0.8673533789188775,0.9978778157942548,0.091739875987282,-0.6721326584973266,0.2756631976342582,0.5661383087123703,0.2618606592902736,1.2341698587913752,-1.0141612652549674,-0.6969760176435625,1.0953491943987237,-1.4730198305152638,-0.5393857270815005,-0.7315402947263614,-1.5642049013469683,-0.1871488046409135,0.7462938598884538,0.1563279155211026,0.7996037853020775,1.191955967642973,-0.3856317609455195,2.64684602298873,-0.3454154240638332,-0.2125310258436911,-0.7076205368687772,0.5453894809246739,-0.2905034189769749,-0.0788922219149961,-0.2052130062259628
2.003532897892024,2.3889996229861303,2.507881122342168,3.1723384798394045,5.858673489001618,0.0429501221940908,-335.6581804623405,52843.27335983364,1.2750767074526783,2.822101802118448,0.0180763730246146,0.8659617924224523,-8.545490959350014,-4.251703928140513,-7.434810166914818,9.23085555798994,1.8483506292674268,-0.1042985113777266,-0.6347318902666053,0.7766460283941474,-0.0561342829595847,-1.3895991634335654,1.0409140828073735,-0.7470393206992747,0.0435855983895759,-0.0681391137873564,0.2301011734698631,-2.1910740725646645,-0.3350994787992345,1.1248370601157018,1.265445519891654,-0.9912903816403212,0.9205982427118156,-0.761429754425584,-0.3745322593872833,-0.3219843664592515,0.1088037097054082,1.0013664562908624,0.2645845360291111,-0.1261317603238446,0.9673112330382156,-0.8026613902337145,-0.0772174434679495,0.9957812283775288,0.529306211790573,-0.4663039774449126
2.7818228717773104,1.9442385650909475,6.271001969445176,9.930414346413372,8.47546957302701,0.045308901731806,-67.42036834178336,61865.6231879332,2.22991515938988,-1.745859353479132,1.0766480447938531,-3.0659223311723887,-2.087709821450201,8.08023684846743,4.327695460692189,1.233668281952483,0.4726630560767134,1.3791625881974978,-0.0833801444384655,-0.5899092978657563,0.8442832280974177,-0.174944566001312,-1.069895329080503,-1.2646864317560584,1.5292965508395333,0.1316445669192845,-0.5895673839924012,-0.2343349110420635,0.8074447180083516,-0.293405515842045,-1.4494197291774182,0.3258408521479247,1.2083478175735631,1.1414643179722508,-0.5593299381372452,1.2691726564583794,0.2129499736716228,1.2411473438787268,0.5736870300025537,-1.5215968426326696,1.7467389375083464,0.0517838511989534,0.5767938239138171,-1.344044628471844,0.5053265000780651,1.10292773274266
0.4702397962329612,1.3235305366352303,3.1001927321071494,5.079711187466566,6.309733178546564,0.1690646274786341,-436.2932435541839,46861.62429537021,-0.3226753041622681,0.5380481362750666,-2.508597725871504,3.585417539500308,1.953921210330929,4.526460729904946,-9.950164200868446,1.0,0.8638716595520065,-0.3885160223564554,-1.9264549394595485,1.003690711112002,-0.3034836298567393,-0.1994437158880551,0.4355879166918391,0.3528336431526199,0.456121658752389,-1.6297331652461955,0.5563090120364924,-1.9090563503511344,0.7695651437810074,1.1183812821105803,-1.3685201427252165,0.328432990581549,1.0571791296144326,-0.4490036203715333,0.6736363657086232,-2.785405872725681,1.098196118243411,0.0299942386931759,-0.2578293766360323,0.98404145290448,1.729289675723977,0.4857158413539969,1.6087138830488947,-1.5532832525269795,0.6659488378340656,-0.1320038528542722
1.530999522495951,1.1407928599705384,1.425206905523014,1.2340022053384363,3.478480278269978,0.0474698232879952,-252.1367294348436,50733.96505992775,-1.154408695711125,-0.8780119017424571,2.42959411378877,0.8951755396989136,2.406344836334989,5.63548803183918,-7.090098447390086,10.919752140767082,-1.2830719897303882,-0.4202682741108554,2.0620511530068595,-0.4020762594398503,0.3646263539420508,0.5570979585709954,-1.0915291090361594,-0.4351068506121388,0.6244151389325242,0.4283274141694229,-1.9939946266792408,0.5944103539572518,-0.5509903908437844,-0.5248171962928653,0.4048656929636095,1.5229359244837934,-0.2004346266943614,1.1790502155392657,-1.4409227678818468,0.1307433459121305,-0.5410554059280798,0.2820069867560609,-0.296307402785102,-1.3410614189638046,-0.8874093628011421,-1.643201079856586,-1.306901228948718,0.4803243748750477,-0.2510371298572225,0.2308644101280876
10.284641773490575,8.357670159499667,8.86460164338145,12.314433871522352,16.610863878499995,0.1919476550195277,-9.053328230416078,59013.30789846337,1.6285878355119374,-2.203586395839787,-2.288522862783416,-3.5516555281574984,2.2888517362640566,2.1584350178557568,-9.018013337575006,1.0,1.1425235608781303,2.0267396784843514,-0.892941968129662,-1.250025532784049,0.3717192386900431,-1.2855045230279023,-1.3025774789535371,-2.0492057703238418,-0.3822522475718751,-0.03299030282725,-0.5173629891422328,1.3903331835321713,1.3158872670461172,1.9288439640217565,0.0465284659337086,1.1838190585107766,0.3088526487871532,0.208382312519621,-0.4673860752954615,-2.263146790755144,0.6372914550139895,1.1541362365280234,-1.5256179282982496,-0.0096986621826083,0.9916471684145696,-0.359498776645418,1.193103673332268,-0.1402830333573683,-0.5251585306982606,1.2502869129412333
5.1504476814812135,3.48205406651873,7.924052771463557,5.379677504102426,11.826148053428897,0.0066732040926803,-192.63575962055432,51945.92856022708,1.5396183564308972,1.159286458645294,2.1718533926455947,2.3440866670875318,4.370586278715686,4.062826164311427,-10.421109404123747,12.219932647400771,0.0619081040299967,0.2955606017867457,0.2890220506054031,-0.6302828007794473,-1.7580551914371976,-1.2191858277651948,-0.1042379794980345,-0.786806656896385,-0.784496072389535,1.7992510456861954,0.8588947966598731,-0.2520759659099735,0.672034945655442,-0.4202686055909007,0.1107234341864965,0.4416286484189159,-0.4176059677718786,-0.6852505475370957,1.223931818468504,0.6141129671981066,-2.254610878292717,-0.6681359300316102,-0.7812724996943938,-0.6211380888123978,0.8624022887588952,0.0192059680036915,-1.3896296708555456,-0.3832148369586158,0.5417376476161898,-0.2196450155337543
2.615042377843228,4.74137232935405,6.383588064616969,5.946996843401925,5.436578292566361,0.0330927261340083,-21.89836382648872,45582.80903889525,2.307884425232647,2.888840776307384,0.9923298111958726,-2.145144548899876,1.3705558937157023,3.69769337071795,-9.25510945663338,8.68007411074467,0.2876976070117176,-0.1971473809584128,-1.5060888450601757,1.0705794675782778,-0.0850443390380233,0.0796426898938967,1.6004950658110575,0.9082221265959504,0.4464491988167305,-0.0023057873708254,-0.011645548834153,0.2401144977218622,0.4069067258566319,1.7114017557841346,2.473266082762811,0.2902608054035493,-2.153276072043633,-0.95174447329172,1.811496881871767,0.7186526282557465,0.426046487244996,-0.1668379114047607,-1.1890220592259844,1.677789754745502,-0.8232102514740889,0.7293118165382786,-1.3007017697541436,-0.2153486848282764,0.992957130452964,-0.2496941724667938
5.797803339506805,8.77159358629967,12.643875075811271,18.91613245016985,23.09558441798602,0.3448814283671467,84.59243168725762,64460.1923518048,2.416727712854442,1.994187510989068,-2.708036716996808,-4.660750630244421,2.27197854718376,4.900128451933132,-9.154557148222224,13.081147253106227,0.3351754841006962,-0.2215735885909586,1.3909948052043724,0.1414793414838037,1.3320318116312335,1.2463612158772228,-1.2745208738851306,0.4599946164130554,1.7252856569693449,-0.998650690347807,-0.9863745920523426,-0.8172010695020143,0.8904185854902072,0.2843857128635939,-1.9357723308396253,0.3409461235169334,-0.2519149328711576,-0.1122758686501687,-0.8370200964411151,0.3482582215141331,1.0504582803069586,-0.64196636733248,-1.682456030936918,-0.303114321516715,0.7562867286022293,-0.421030345862495,-1.4975489611601611,0.7632428489193804,1.415348146998313,0.0200155501109239
6.627432491178068,7.146170784601486,8.013918833240137,14.310023366517216,15.087948126586268,0.0739237240844182,67.25737012027312,75688.74266829996,-1.7160603300733426,1.727193318493181,-4.661309527093799,-4.279136766844223,1.2463675597136177,6.275472716199278,-6.139962928655075,8.853939202580397,-0.5871541590312039,-0.5321724562434457,0.3854730704569521,0.4129805655250469,-0.2929546157635447,-2.61915220505334,-1.2905227272912905,0.6196889216121123,-2.130837997355876,1.1841810163672148,1.036157261138504,0.0410963819332057,0.5979310342286077,0.5287746783588859,-0.1168731283662129,-1.37388911758857,0.9672729750616864,1.407230011383635,-1.208590524242342,-1.4112550051696997,-0.1367969047573408,-0.6262245956364498,0.1449492402054591,1.2079940398603866,-2.245670438272496,1.581271951619155,-0.4066684418769198,0.5117789786504942,0.6187258381044658,0.7353411541977961
0.8143410233361829,2.990499618785636,2.5435670549650222,5.650951263149816,2.984594189672941,-0.0565113663075372,-148.4060782295901,50944.348805861526,2.56220530256776,1.2572504656824328,1.2823733248221405,0.0041389530239551,-3.8349837773544495,9.244873787116614,4.7271919138971015,0.2587142371947974,-0.7242465320583404,0.5863329755781368,-0.3961260979892287,-0.4531058679807124,0.8947235146471376,0.901623376059364,1.688442155746131,1.623263185486201,0.9173151613587754,-1.7204456102367125,1.8276809829496965,0.9179676706663622,-0.7658600900863026,0.7289091555627822,-1.0372657409627284,0.6186301201097418,-1.3162700410740993,-0.8082184087866364,0.7099291292005268,1.0728867429928937,0.3254368594338103,-0.2861686366879706,-2.1148662950169905,-0.2090210996513597,0.5334850768245277,-0.3167651059356471,-0.0225779410944181,-0.1856174679179207,-0.3217062178214337,0.0758773899598126
-0.4635149481321186,0.262298790203211,1.6297307979047695,2.9796160251978945,5.623679256616387,-0.0670113026059359,-62.51235808518152,46031.8158412176,-0.4246181266761599,3.0271959493055567,0.0620897955247133,3.598914237557742,-9.1524137844491,-4.829798192109159,-6.370876186384085,6.949968856164135,1.753825244849748,0.6120825008037826,-0.4185357333394878,0.4371130079207324,1.8329505259537544,-0.7880216187756558,0.2111402130769598,-1.3898647409015294,-0.1183416238738217,0.6165953861145571,-1.1147232559550084,-0.1872013691084763,0.7999272995299169,0.5892001322325895,-1.1576316809288612,0.3737748749022395,0.5587188371873778,0.1079855166860305,1.0893393093166917,-0.5894473186396925,0.4124844627915127,-1.1652002870532356,-1.600625843183379,0.7810789812152732,0.0205624704298274,-0.4634175711160962,-1.0651560140953598,0.8271023817633405,-1.5080143726328283,0.9928774681886876
6.330789045819533,3.59759794949454,7.134834295065048,4.830511936092929,10.440176758141972,0.0790676322848134,-194.7321895658751,52953.89063127736,-1.2602582788637458,-4.782548862048297,2.0467711632548022,-2.6769761705653403,3.6327478596538336,2.6216786068043185,-9.388855602863638,8.348015820831126,0.6009383807117264,0.1361746747478294,0.7051733219097177,-2.2303204247730286,1.880803518793316,0.0610285835563208,-1.62246533089256,-0.9137933515835214,-2.1293270511692226,-1.0902350801857508,-0.1422484286397857,1.5147146124944029,0.4106745854198008,0.2328606119645757,-1.1351045212157118,-0.8244853056535114,-0.746927693372195,-0.7061286121861053,-0.3515368762486047,-0.2760110617164809,-0.3390783736268482,-0.6713242302684823,0.1350531658122264,-0.314414783366775,-1.5955672462222277,0.0343818222579351,-0.1167639977815764,-1.579627452555176,-0.5913014466965381,0.5970725610113586
3.865774511144757,3.829144617974448,5.977134637011213,11.461207557288736,5.501069713227568,0.205623000940066,-312.18548990085947,58504.22237472228,1.2202274135674551,1.606730097642325,-0.2641740110382869,-1.4981528957741133,-5.490360869853808,-4.015984632570751,-10.936179117364722,8.16797677053456,1.2123681179019037,0.0942792936142793,-1.0363648841320956,-0.8306215805446449,1.762127663079091,0.1654893931225602,1.746153779551057,0.4986048184872299,0.7537356371784484,0.9387236162381593,-1.2231388144094233,0.3069507501125261,-1.2369989013620626,-0.2849123478774648,0.6401696361230503,-1.0253338905324527,0.5593373245276719,-1.4983689854658355,1.1433198239615687,-0.6644371821053475,-1.0271174242187835,-1.4353559159910807,-0.5793538328376587,-1.9076118069567995,-0.5483991391083297,1.0994870253330813,-0.1887115997398339,-1.1775186159066409,0.2262633165688082,0.1378957758749067
6.143944089325325,6.293295548482791,12.358441628039426,17.403779664921075,21.024169542533496,0.4762584103427182,89.55507814625285,67771.45664906787,0.3041334745223665,-2.656629902930101,-0.3134841515645521,0.1690088604363627,-3.169264353098226,9.21039699412746,6.801788769827274,-0.1806235428284273,-0.1164048994611007,1.66675312854367,0.3072210442956898,0.3061311890049955,1.843925742515286,0.7827039386018507,0.3748480783328206,-1.9413368380718552,-1.507208565856235,0.4585549740189212,1.4677833053712417,0.128451067246293,-0.5913046388789457,-1.839170389171607,-0.7835850574837824,0.1309811291970358,-0.8564566522457612,-0.964446270397466,-0.0511172634766386,1.44841167012239,0.6847193878884175,0.285871785370116,0.1884863807604211,0.5511767023571392,1.0,-0.4110816176784839,0.7381939592582714,-0.2253952821623231,-1.1885974024676345,1.4433000101297884
0.0365823071875377,0.92856957272584,3.3675538407434207,1.84630416044056,5.624734845697449,-0.141371449690498,-98.6550256757869,49120.57093783832,-0.5962573554353274,-2.489662476436314,-1.38871594146676,2.29582931509428,-8.170247239077199,-7.456942909620684,-7.328888542814349,6.4581851112139805,-0.2515808307655791,0.3144794724834049,1.838100707961636,-1.167534215312696,0.5205530577324272,0.6301487764278614,-1.8767187306827369,0.4105320144092518,0.8802850789837808,0.5886526793824348,-0.0839272548726753,0.3332400365224288,0.1698446972490301,-1.6894573383151947,0.1933203247544659,-0.3670704059816724,-0.7048221709979829,2.484969953586654,1.2526157196195573,-1.1501720603143877,0.346636196565839,1.4580252755643248,-1.4961991540760018,0.076983141407154,1.0,-1.2744928824990227,0.3795503046122296,1.1162463905181252,1.5080475914191531,-0.2493641016259457
3.630998281438312,4.1511249913022485,6.730461277295156,8.87129258162846,8.04474383743026,0.2039904687396076,-143.21444894725968,1.0,-2.849271369880308,-0.1205779827832235,0.0885359466982276,1.325958019185092,3.283265558347262,3.1825155869673223,-10.25758526390612,6.563885946821589,-0.3684498753660277,0.0106362683486811,-1.336002892434928,-1.5241469070460152,0.7142364826939283,-0.4222099256177997,0.7064847605814564,1.118183017150708,1.1986426089954636,-1.621008284576339,-0.697829288253898,0.5375853070438055,0.553001671903652,2.2494375841962904,-0.9076135332330816,1.1681684014540978,0.3722746100385402,-1.64023586666347,-0.5478152367265949,0.2625280123233249,-1.7043667082962657,-2.0739060049716462,-1.7612425786366437,0.259133655084339,-0.4846672587334399,-0.6199556973136181,-0.5856218351657279,-1.4241224116579378,-0.4564031828401075,-1.820398048071836
8.620725373824978,5.160329390408897,9.558790560092898,11.856422889140438,17.24593573081272,0.4169904504351406,19.04996797790664,59025.4585982366,-0.9155776790546996,-1.014151231047011,-1.3747686241814,-1.9524981768898897,-7.282960226983516,-8.539898456388451,-4.97828805176122,7.412350566520436,-0.8924840191326041,-3.116652847459892,0.0519920321746444,1.3040664633488368,-1.0471498277799574,0.585538258338495,0.4305673840619083,-0.7518775255875075,1.5365341563181696,-0.2726604402249168,2.0102683798365533,-1.635678969000222,-0.2691355515912427,-0.1502520240166568,-0.0406130213206811,0.7163309842882809,3.3981273176629,0.4550661535347574,0.024240242625477,-1.096199523567522,-1.8901064726537535,1.1702608313680876,-0.5467841559157098,2.6041583532456154,0.8682116183855557,0.3415594734479631,0.3941288958921099,0.4039767650554655,-0.6945669453637701,-1.7515027038203508
3.5642800190954627,7.373500185452244,20.612680932422485,15.216663449830875,16.496514786985898,0.2627166847908233,48.05803941122674,66311.96736191379,3.4942046446351083,3.1364795178393026,1.3837622897101745,6.226912626497514,2.5114997682273525,2.2847811913429545,-8.2022695852736,9.120843838575402,0.8646729305935682,0.6273920740836848,-0.1039195114788388,-0.7079729470064022,-0.8215141124852376,0.2238401727832362,-0.8462336621965075,1.097221329671825,1.3808065884550094,-0.0428044975680924,1.1387808119221292,-0.4115489483027479,-0.7143517832841195,1.1002751801452395,1.5798669556055074,1.9631579869922164,0.332655071477108,0.8621103951896245,0.3106172284661483,1.40337865669859,0.4332841334392588,0.8050837886620336,-1.135418455202866,-0.2311627753676724,0.8136361486422357,0.723972744069368,0.8989032098691095,0.1206546471908864,-0.6520220031352797,-0.0589465335189539
5.896178008271056,1.9923337893830688,6.641370447244859,5.216896891970844,8.316361742725164,0.1742095372009307,-190.36484632419968,49951.98240039177,-0.4013652537946508,1.8639595099191504,0.7120052584500525,2.6699626866513,-2.195902230545617,6.074780942378658,2.647599762880456,2.2684615377444173,0.3481068147147108,1.1061868381238813,-0.2962491987642396,1.2082690915880543,-1.7553545693201642,2.2182669931208663,0.0573512699796816,1.0730209948036222,0.2186114865347055,-0.8235226168569771,-0.0363766236595042,-1.9094710179012568,0.6883869307128097,0.1937645786448205,-0.1915571584682446,0.7526995710756373,0.037523261593193,0.6068298722825746,0.9623165788801444,-0.5492281394953985,-0.8354102823918249,-1.7225600747524696,0.1225607988278583,0.4520972884506877,-1.3236153984890395,1.4203798480283505,-0.822335471352724,-2.103500091725501,1.4948228998923268,-1.97301499998484
7.747759532960138,5.3356208335833815,11.375038915606051,13.028356415788071,13.752770643967366,0.2290976742713974,84.74216771504216,62778.02233001725,-1.1217322621144177,-2.0241897715951542,2.5787937268600487,-2.9335116011138567,0.69035243893165,6.086154428914568,4.412201193674727,2.855645493667597,-0.1941797372628645,1.2619671159963644,0.646668746583331,0.4039155813157195,-0.1154093381997854,0.3183729395146662,0.2882515778693265,-0.5414316450742607,-0.7749165337272664,-0.9969069603303904,-0.9328631117935932,-0.1881028755450515,-0.3526848989955815,-0.6207337466025565,-0.6947814747351655,0.2918800261163164,1.3776074471743054,-0.0109156810734491,-0.0763308000407688,-0.9348866927133695,-0.2230698117907077,1.1903363406093688,1.0374611035089725,0.9679737442743352,0.9358688292198426,0.4367325555648351,0.4012071634829954,0.2447503266847737,-0.4168852800525142,0.0836993986155092
1.915402117702074,1.614336990016408,4.162470143161944,3.6576178492391858,4.871117733054685,0.0503046020153414,-156.34401958423322,52464.22450570558,2.970157888973213,-1.069466495119183,-0.5514043858417328,0.8725584005301213,-3.2134092019551783,9.828126193577267,3.944752297009408,1.2745750535853468,1.185829198742175,-1.159620611539799,-0.2554504313815159,1.216459777899117,-2.392608148197263,-0.0460614041244653,-0.3935463198731874,0.6846612305437452,1.0699134354109718,0.7302838193069643,0.2410002533972456,0.0405645480953603,-0.3427106214798979,0.2099726215246312,1.4596548295855094,-0.8305122982775414,-0.4020814751240736,-0.0755099725668074,1.0009326791956683,0.2233023395522055,0.9834818955451908,1.0341099905036009,0.5920368258199804,-1.0639936165655537,1.6610939118967147,1.4123806710927012,0.0635400505023367,-1.3817702424835547,-1.5604981578743569,0.2543156265537102
2.276537214674149,5.08891373650373,7.163544442578611,11.133370315678963,13.490093778244194,0.2734877786049817,8.66938014752747,56041.757162891045,1.1691475940858185,0.139493697682098,0.8292959702095654,4.062057427114569,0.6740366724661997,10.56298401902504,2.360823887297081,1.246818574641355,0.0332165630131476,2.2085166800091733,1.3060614618427262,0.5661869364210564,-0.1239929737075688,-0.7296043637016657,0.9424092950341348,-0.2294697913197118,1.1683646329483,0.4008231637352854,0.4079971272497635,0.5945261269679613,-0.9196269384375572,-1.0221362438736228,-1.056709448363225,1.0474969148759905,-0.9457215875184728,-0.8211597081953365,0.5375171269731426,-0.2520491246348559,-0.3797942420919558,-0.4665549688269199,-2.325631677841348,-0.966881525964018,1.1815631368820914,-0.5393981015339728,-1.90048970601774,-1.0079942388684906,0.3598539647549959,0.3400346092057379
6.342437511902166,2.869487821851771,2.924315333782273,5.019538095224982,8.156929804439205,0.0972695460490068,-225.1791050095184,48545.16784892401,-0.4589119404726611,2.2672469437180984,-4.184214459250448,-3.1890539747309896,0.5584903553981766,5.741914250832668,-11.012408447331865,13.346770140495972,-0.5047194101871159,-0.1570366905926296,1.853410797899828,0.4462018362894799,0.0190816277797679,-0.5243599556815834,0.5388169281811231,0.6596997699307984,-1.0731785094754698,0.6866281919461598,-0.1511522866234305,0.0247986346286066,-0.8842890029883183,-0.3999820278289099,-1.030142265222829,-1.0782181701163007,0.3770902204267797,-0.3551165654431084,-1.299637669862416,2.177052647488376,-1.1246550393159365,1.0921029610193338,-1.4764636416218018,0.4565023351677955,-0.2505603686186912,-0.6290567313584048,0.196742323765706,0.0622598563293322,-0.8124651836820451,-0.8577388807870001
2.0534850479329787,4.960766302287088,5.986511341360144,9.841318617952988,9.632611279642996,0.1348643106208171,-150.03313246055745,57853.68593157511,-0.3026755921016657,0.8409049544951168,2.322797574862812,-2.3980453601280187,-5.634123466334902,-8.164235332139247,-8.730978400806922,6.607036745351028,0.96467423968642,0.4517046498906771,0.6063239220082872,-0.6239514162412679,-1.7238502188100389,-0.0214014979091981,-0.0172801360612961,-0.958021907685288,0.9179431915621112,-0.0515294381864405,-0.8090726619424522,0.5850713443840813,0.6116200011127101,-0.7163479391359003,1.233391932409381,2.2432439632303542,-1.090030495473646,-0.1836939663765929,0.3370098008989906,2.280260230298927,-0.7337772828073789,-0.9395844885947484,-0.9464191472847516,1.2214235933919522,-0.7078312782339351,-0.8501342027176184,0.2309673286951539,0.3082213115839804,1.0710204721128358,0.0919260370072263
0.7088635950047554,1.0,2.676370324538886,-0.6575374936255862,5.531069844624163,0.249299951743279,-83.874078545213,53356.700382252326,-1.436277222136283,-1.3148643151062758,1.0828151377451765,-0.617305794089003,-9.27126867934282,-7.779172127706606,-8.830462207058735,7.393993806145816,-0.3199765293510244,1.0,-0.9824881228992798,0.7840560382503569,0.3708302093362092,-1.263880829074111,0.968025075870584,-0.8114815369845049,-1.182815502304289,0.087328703921649,-1.7578434493993105,0.589503049877248,-2.838840330783193,-1.0293626899886377,1.5751373210879114,-0.6866592091733184,-0.5115852052062981,1.2736650541304375,-0.7928636050723185,0.7634381813894765,1.174188165059321,0.4785303141499034,-1.4448973229642597,-0.6039858592158763,2.713619777528997,-0.4905236525315732,2.986329375576428,1.7089640520298932,0.5190695393722207,0.2972342724975162
5.059058456701324,2.0073228677372126,5.41611191889568,3.574809416004429,9.06612191523976,0.0026931059118444,-168.04799135906256,45687.54005982163,1.699152043267457,1.915764456353953,-2.29107643599784,0.6356360359554682,-5.077806307905353,-7.492222652808274,-11.895514559402791,5.811393449122598,0.1056538250260613,1.3946253882111763,-1.0452143623207104,-0.3963955201764545,-0.1689652066625109,-1.7211758252897242,-0.9161415165813434,1.0466748272809374,0.7602134963301175,0.9370668751020312,-0.5890902225314012,-0.4656952401188365,-1.7880654950380328,0.9319345423163096,1.096652268766096,1.0839209665356082,1.6040912534772398,0.4221085934899057,1.5568818365466923,-0.2004746091578783,-1.7670103650055502,0.8607246772401177,-1.803889126008696,0.1702020494933653,0.9553238021242556,0.324258796035197,2.278243070582276,-1.965928994146978,-0.0828606725359154,0.0174554652526558
2.519934329010988,2.5185354337369965,4.65315271244685,6.53513086397924,7.861978284086941,0.0115197285973099,-138.67295894622356,52925.39484855632,2.6517931712046545,0.9606093060265974,-1.833769383437124,3.388420768031839,-1.3226497024881798,7.650204946006213,6.744070302632251,-0.1296069102476895,1.974396744480029,-1.5580727358535134,2.8334956118942727,-0.3906365307513519,0.1834465762181352,-0.5747964176044837,-0.6166335598554541,-0.7848299034326331,0.6012579620436356,-1.4107996936270562,0.3641085442426688,-2.184492735051809,0.2735287711417637,0.8491426059321912,-1.2745191073073694,0.6787426017187439,0.0513854106243214,1.5984264553578396,-0.8552063823110898,2.81598590372273,-2.3907821543252377,-0.3295038006361257,-1.6985697106229332,1.851054176849766,-0.2617009938158365,-0.1716850773692826,0.4432380980852128,-0.0048051863272875,-0.5937615564013348,-1.2566472506290485
-0.0622875292409726,2.958893564717962,-0.0782830392837921,0.996852707539572,3.263498703523449,0.1091310120594269,-191.79022965313845,46886.75319132774,0.8826370042100029,0.8877604604348713,-0.778803086060397,-0.5330819313402005,-2.168007721146556,10.975000259621964,2.22865398438626,2.2501204717391885,-2.6222191545409426,-1.2348457136690911,0.9575547190218846,-0.923606962608792,0.2029440503101111,-1.2580246952287857,0.7316011021584401,0.931269595995574,0.7319099061723667,1.0325568123535973,1.5639001448995329,-1.174074131608975,-0.7886719311513626,0.8975435703037948,1.1302197718374811,-0.6743429535719255,-0.7438860653255841,-0.6522134899305057,-1.605094964043946,-1.2714111821740754,-1.2472926450301534,-0.2940984738056333,0.2708365158339546,0.4334728316423722,-0.508562253275681,-0.4839871162808788,0.1236614951512612,-1.496014557149427,0.9594405320830892,1.2853852790142708
0.265846625276664,0.4189191125604984,1.4796338774331854,2.2957377979117983,4.389194887574803,-0.0055769077657706,-364.1689114133505,53710.63745535946,-0.610265163497199,-0.0394981870692546,0.3684958278882051,-3.618000603217409,-1.993770188700058,6.369725895154221,5.126004790320294,1.3955462633162572,1.935320336598404,1.4003997947952824,0.5542247039460395,-1.5443773533483862,0.1322727904974213,-0.5925095652129303,0.2349778748162469,-1.216325832795099,-0.2101669077919015,-0.5171830838060685,-0.5481663559692463,-0.5382361859911543,-0.1358547163882445,0.286194759048022,-2.498493587871451,-2.376432856337864,-0.3386913399218751,-0.1977690447056143,0.1891112166039406,-0.7276723548562242,0.0094651940226816,0.126523205018055,-0.7345580968654715,1.013455821741101,0.1769863114550606,0.5469610954632903,0.0688457312838527,2.10367310306172,0.5963970691176537,-0.4879933162072253
0.6572854834732305,1.8080737640438875,3.578808864513181,3.086805930000838,6.102993029112626,0.0891804005402546,-167.6920726883971,53301.6091938561,-1.6860539880273515,3.41002829441406,3.509551089693169,1.906338084943073,1.9620633088976605,2.0152889027438365,-9.396153491717769,8.376619557027565,0.1636447760028678,0.6464767861983517,0.1659458628123149,0.6086021639305891,-0.7000148350932873,-0.062180054320577,-0.237975813124896,-0.3034393871369916,-0.8006411644518884,-0.4318225494249425,-1.112704595006501,-1.6941546618245804,-0.7007166605407599,0.6259596487811641,0.2340659910556799,-1.2566032042472546,-0.4060113533803866,0.6924643413643276,-0.4484913697871003,-1.4177661931289058,2.257628546414342,-0.1669588306529502,-1.1635788999990166,0.1712635258201932,-0.0856033323127354,-1.541478104914368,0.0933688608031649,0.9837355113956464,-0.2329102074902443,-2.0601985472167
9.552318231024024,8.99043283042006,11.708592246570015,17.604516187967043,20.67343788475284,0.5542109952567876,173.8368982734785,65867.3937037547,-1.1471110616862334,0.4643118994840701,1.532934736223192,-0.1984298546210009,-3.7526901394358583,8.174014567902868,1.0,2.888725082090929,-0.1868033912610023,0.336071167925669,1.9571745336396384,-0.0268318437090597,-0.5138386168427719,-1.1473219676483402,-0.312421791495049,0.1605773496156411,0.0533074205987603,1.723465340067103,0.4990855654659427,-0.1348008715072098,-0.7065605788334728,0.2666727637833204,-0.9070081583826592,0.1798310795379064,0.4874139269048432,-0.2164522227714475,-0.6302864440651417,-2.185296847334906,1.1438367264203908,0.4033003902452816,0.4276172815847823,-1.5613523357772998,1.3798386997400571,-0.4652168666180802,-0.2887953026994861,-1.0692868554188253,-1.7869457313398482,1.157346311723567
4.258969220493268,7.73700004005211,11.24627028292423,13.93574727896905,21.361268429992094,0.4196631486645651,24.04533224160828,65279.5038826488,0.1778704922049514,2.383917712234233,-0.984716147987026,-3.309548271924699,2.016896426228323,2.4239045221320947,-7.333212661433225,10.714240479103394,-0.8680639066752307,-0.5124052146241178,-0.8979876415443887,1.4458646596420308,0.0163156016857767,0.7903785250428523,1.300526858596006,0.1634054740224038,-1.1956237708552124,-0.2206427501157721,-0.7422480135662024,-0.503504161887299,-0.0946237926492889,-0.1341556420922642,0.4121091610202864,0.5573042937804867,-0.1341451762664575,0.4034689181079173,-0.5493598549354416,1.3147798255965035,-0.5655112882176463,1.197186484622428,-1.4760670917717218,-0.3804072574108461,-0.3309781736136056,0.2789917947484739,0.8618168032188236,-1.249395203059528,-1.1079830420429075,-1.401908067716238
0.2083062502067232,1.1362208143014976,-1.0468333291188103,2.6083165616095414,3.6649526914649337,-0.0785989460507949,-409.4703067266796,48453.954614750684,1.3443040369977988,-2.0028741530101555,-0.3878988008853072,-0.5725239559300522,-4.018223695302304,7.193003209016723,6.377045146478203,3.160663724885136,-0.0455018553802865,-0.7846753875705005,0.711045304397363,0.9909581870356614,-0.3020310227827632,-0.6670414757886871,1.556300795515933,-0.6031475670136943,-1.194537507036252,-0.8326711530189439,-0.5549993881142102,-0.8613630529495482,0.8453913832780725,-2.197913445574011,-0.8825604114455291,-0.047497445454863,0.210246220002293,1.6918348375245835,1.545237712763686,-1.6007371559445422,-1.90804794056958,0.0249712623709989,-0.673185236463088,-1.1920263419831856,0.0161208974606544,0.2306973183344345,-0.8389684396441776,-0.624084745037494,-0.7620415273876496,-0.4114912412212804
2.2969846732331862,2.08668680944676,8.551327544493256,8.045991716695708,7.618438371866503,0.2496047685805816,-129.54014101390294,48145.61923965751,-0.9986802998640932,1.098461593003296,-0.9336062373850584,1.286371919816173,-2.4188523081412105,12.70914929692625,4.351337389056417,2.4254906974411505,2.280499306477608,-1.1760201322527604,-0.3353999203788284,2.5115395968701426,-0.0405506155822347,0.2442109025467519,-1.521129951694579,0.1502886315767741,1.931940374759089,1.2866258101035284,-0.6099846215185434,-0.3963163665684162,-1.1309002924942633,-0.8511631402497059,-1.9102119287864696,-0.0848196746597427,1.5101106799304107,0.3554319240937493,1.3662389899657323,1.0732494009259983,-0.5468080895726282,-0.7595066614064485,-0.7211845568514555,-1.7170619484420488,0.0323302327955746,-2.904464396577087,0.591415509286386,0.0718809357188748,0.47143986649484,1.057016282948135
0.6968612358691235,0.7502532995712697,-0.0788145300828698,2.434526139512597,2.430684754898727,0.0081829358547565,-203.12257439249765,48404.73032166691,-2.300724249506225,-3.336903103822096,1.701295335564502,0.0055378656930172,-2.3637036755636727,9.907021666353693,3.412547811377893,5.111750597468922,-0.5506851265158396,-0.0183562241937369,-0.6478173012280894,-1.2860835499599486,-0.7482103149624749,1.0357324669729413,0.7481957843941472,0.1714097959035053,0.5870979263002958,-1.1319334675943329,-0.7954247917548061,0.3110150743781913,-1.0045088309328234,0.1083982480882099,-1.2625245940527738,-1.6496129294336137,0.7360787560448773,1.0270458521777606,-0.6308209939074417,-1.5204625824708864,-2.2083721890129024,1.8420001495344305,0.1113908535049598,-0.6079932971682473,-0.3639115638274787,-1.91333225014893,0.6198984737662316,2.000107691885334,-0.782757008879377,2.383457036646865
6.670477783875581,2.0791829245343405,3.114553251637987,6.358060722622238,7.384550976132614,0.2826009713546936,-101.52671827055252,62077.91411774116,-0.821988070687766,2.639288988954599,-0.5895585685994871,1.3352594140602048,-6.014791746567621,-6.413234361460643,-4.220006543953154,9.002885282650569,0.3036042712837195,-0.4962775330896991,1.714164357415557,-1.0337358005622264,-0.2746448485618379,-1.079909840860808,0.0195767620901719,1.5890057587728696,-0.1409259238988127,-0.1347998520934791,-1.695962008377259,-0.2869921857909988,1.1504870500333515,-0.2502361656570745,-0.3177902139123109,1.1057145758432931,-0.3135641129705646,1.2920536322271228,-1.2846395953877447,0.6778539748410302,1.6463292076954563,1.0078568974549134,-1.8672735516352748,-0.6383032414308838,-0.2419515246577831,1.0099554967070807,-1.3316181162114358,-1.018936670392648,-1.6051514301799923,-0.825800250087814
-0.1017066122293969,1.794556809425256,1.1190613102258251,2.976937192454117,1.6302643678611268,-0.1331232953557778,-198.63998934302836,46239.21797204708,2.026545881128974,-0.4758870946941493,-1.37743533284583,-1.5969367977893705,-2.188057006857444,7.14567796013034,4.899650225004875,2.551145753533987,0.0770139959837584,0.5928122348342872,1.4189180719126842,1.4590223482918887,1.3404064201142178,0.8704491697413075,2.085410622092149,0.4378237662435724,0.3255458153220719,2.243921275503049,-2.725968850099476,-0.2138964886443184,1.2524957291499996,0.9802629527216836,2.5656515748356306,0.1074857183314188,-0.4308176023881958,-0.3320847466741954,0.3180681628612475,1.6216475959513212,1.6341410088854915,-0.0560146718336713,0.2530084866777919,-0.6116015792028642,-0.5072155476055451,1.0462572134371722,1.6022113887316758,-0.697283680469814,0.2429563521313512,-0.243078056079208
0.4817297817263526,3.170143680101301,3.34750882082047,6.480800788502523,5.429820486247724,0.0111823181458771,-191.3856116953625,51357.31244280535,1.005716270418851,1.0800484632338443,-4.171631717846577,-3.765323247769907,2.536388254430732,4.846581384651585,-8.733659193735646,10.069759883265858,-0.6406836367077731,0.0448181971001677,0.5332736027835934,-0.651807378073709,-0.3641062213892124,0.9660407980573626,1.3573246619264427,0.4935160352028785,-0.137963098743159,-0.2330969210371493,0.5481263287272902,0.2277670014048717,-1.648975837891303,0.5723852323079027,-0.8605697894225621,-1.4169364084756522,-1.6683448881087255,-0.2161043711833192,-1.0165243621826023,-2.3263615597391976,-0.3584555068368107,-0.4905708348858658,-0.14990111465838,-0.6288979540423771,1.8293296635272784,0.5173372946836405,-0.4996133236214773,-0.0636268374473625,1.4146426674953478,0.9566228117354912
-0.8281860488984305,0.2527605762152874,2.3622116727868465,2.332300299460978,4.4416255001763325,0.0838490774451641,-310.22120603617805,46240.15334130591,-1.3554458496958155,2.293247833123855,-0.1847968772066967,-1.096007859037412,2.986384374665492,6.155180351119556,-9.293528359531743,10.461702679622654,-2.161596133238537,1.2557661752685587,-2.8166108000172683,0.0417509733678485,-1.1439890013233718,-0.701178651923643,-0.5721519329225444,1.925626127461944,-1.1032507054703398,0.9142595447941227,1.1604018292673417,-2.3384282002430976,-0.615352766761434,1.4844590928257,-1.3147734507194535,1.198276036644636,-0.0178665814010854,-0.0610973295676818,0.0694916127196336,0.3425718315314566,-0.9556381846942432,-0.2604195331525387,0.3705984139802113,0.1768858394300082,0.3492255625444667,-0.7186870441488834,0.6322992097833006,0.1264756754883747,-1.5807000516739227,-0.5313715169669784
0.6795433869157237,3.8625521856968583,28.44354395297675,8.589877294196642,6.123897795513313,0.2685704154662997,-135.31662928106883,55463.48927997886,-1.1728864997051494,1.1754633049598848,-1.3984764345702554,9.185840896218656,-7.226028986464287,-5.83580004605582,-6.064893614217993,9.01337045982034,-1.6644767353332222,0.920011460005396,-0.3013631204401857,-0.0159178450022423,0.9160103197910902,-0.7222688836538869,-0.3119870086480041,-1.0563279993057415,-1.0585037209958124,-0.9205828940058788,-0.4924903908336654,-0.3847955341730653,0.2886321508983798,-0.8912169480418995,0.3196326759174764,0.4850012915232279,-0.4678221828322661,-0.8047245724183811,0.0850790319799899,-0.2029174630104449,0.2203518292735454,1.569866436259967,0.0686370484277154,-0.639230561280132,-0.8908896119420586,-0.8522016313215837,-1.4627663071111208,0.9327436083455788,-2.2332788193557644,0.4881048177193057
2.82206015999449,4.13880956115143,2.4827856013027056,8.310543988637292,11.366071461616178,0.2572507337309802,-139.17581490438218,57196.23432055575,-2.428819681050487,-1.625455913836864,-3.0518594375451915,0.3416082009290513,1.1050235303762532,2.051459910648576,-10.973159983250309,7.370670134815386,-0.3064774921104313,-0.1445887169860545,1.5419723478386336,-1.2933455163348309,-1.386048540585573,0.1757089426045666,1.1508766027273922,0.5515930140405155,0.3026768934229736,-0.2886080300015308,0.6761049292948319,0.8268892198167086,-0.2573108661846765,-0.94862451018643,-0.9421220953528092,0.8787342780476652,-1.5442733210975552,1.6770591752971125,-0.4561256934946034,0.3095319303042382,0.7017100579770927,-0.6836857150290852,-0.4598978426552452,0.1319700019455752,-0.8537208192156075,-1.0676417633325754,-0.9777822446797456,1.2091462860902118,0.397924846715333,-0.793167058876348
6.156159526279633,4.728943773733258,8.268187771273345,12.563288634422875,15.22013550545811,0.5101683114180395,40.98186569285126,66872.19046585409,1.8051517359884333,-3.333220582299832,0.2114989588887056,-3.4157021191488584,-2.5405500139989723,9.190277203161497,6.556376179910739,1.085812600686987,-1.625781598075184,-0.7724149910105881,0.8895412311690245,1.5882941520549445,0.6512750441186885,1.5436977609924138,0.0853886101349582,1.7423760847025391,2.0544884403285804,-1.733469498036188,0.2214933071328326,0.0864301890875422,-0.424103815584099,0.4919155381513867,0.0411250686418769,-0.7354489203920433,-0.0266051050369815,1.20459457936839,0.1825380968826756,0.6269547482561325,-0.2770531002790912,0.4520640101516148,-1.2092145304831798,-0.4997204994197924,-0.102668608565928,-1.2763359206265377,-0.8302167188922722,0.3131117685738916,0.1298319162880323,0.8063654246577088
1.0051134566424609,1.7438634179457833,4.059784063303493,3.1112366093435924,8.75907446860531,0.1259155160302646,-248.27435221820323,48646.89895461677,-1.7095947238977591,-3.4949061693901307,-2.1971016816127897,3.6637069802008817,1.6908539741196795,4.201780314412705,-9.275735902162625,6.33559474060345,0.1388875213453766,0.8469255812126805,-0.5716183915692663,1.2727575366353827,-1.5790401111179289,-0.4077270172686185,-0.311220897508553,0.151157745253608,-1.9714812999899156,1.3527398946610956,0.4142175849508347,1.1228314454991275,1.6130357374638709,-0.7405637783370573,-2.4943540007227973,1.1463660752968312,-0.2863826701733871,-1.1331684958720607,0.5762996530405098,2.4635569321322595,-0.108906495138332,0.9511163073023188,-0.9875027934694685,-1.6867577654495531,0.9139404693229914,0.5460731718082676,-0.4657028346590745,1.706219308025395,-1.7644889696569042,-1.2300300759220195
0.8142473325952739,0.4719466159636195,2.2432754903506806,3.132403096728761,1.4673399929105575,-0.1092312764672579,-345.943923672348,46287.64707150976,0.6502663004542826,1.9154553073240197,-2.0740351387755327,-1.3884470590185334,2.3089488368940305,4.231106378155132,-11.62809432555383,10.517577392280716,-1.2784199223571482,2.3380114042063296,-0.2359699150460999,0.1102675185846567,0.6167610931729804,-0.6365053626495294,0.056926420870776,-0.6771902376532944,0.4155507414742308,-0.2760226485555694,0.2687185273046684,-1.0465373464856016,-0.8289164340062056,-1.365140676856802,-0.7105300793262077,-2.57352424369814,-0.3071002056878268,-0.5342402719629263,0.1509109636250694,0.0446077244342893,1.2570797684810704,2.5943101847741112,1.1375390131506349,-0.4531075893750879,-0.4933907497098899,0.8686630423557151,-1.6833446945728323,-0.3152029261634789,-0.2381529350438579,0.5841314848188115
1.965648768921554,-0.7230345814153272,0.2622149571217093,3.556087119402768,5.60957770618128,0.0141716913639904,-61.541369406539104,49814.81601475794,-2.369259252707524,-2.046391022636589,-0.2921736430633592,-1.1407246677906098,3.6223122692479066,5.915394941589418,-7.515071627527661,10.37126187462435,0.6200799984463362,-0.5859059606811758,-0.3487644646996417,0.2639031172187585,-0.1555494686293266,1.0001293357539818,2.43724257592422,-1.7091635551904558,1.2297551305579804,0.1052597010233338,1.3882009388541612,0.7243545112656794,0.0611564599357116,0.7600229424410339,-0.3941557711847975,-0.7743014221048548,0.8108631155983491,-0.8443284487895042,0.6423725916415679,0.0307475830874986,-2.329441651122576,-0.5743824504629396,0.3348381950246217,-0.4060006639084922,-2.5467321117621853,1.3207501278261604,0.1693750512716112,0.4437392912698055,-0.4732761521782438,0.5314896881466579
-0.1006386899188049,0.5376236837658878,3.225043697677639,-0.1365509739361621,3.218601620689503,0.0956702316794584,-296.6036501868242,42712.24250267535,-1.6214910744899889,1.5482629232387302,-1.119484947190964,1.1411443446489336,0.5160890847360737,3.0097552082647163,-9.640337445164125,9.749519142044669,-1.301252624392098,-1.248270509868803,0.8365201560389821,0.0119367801813879,-0.3075567351812621,0.4433979506360567,0.1013102832212517,-0.7929315499398801,2.4609962258425813,0.7407563785031073,0.1270685733595555,-0.5136113022139397,0.9527596891941904,-0.7875678697260957,-0.8717747409692631,1.6933256357403823,0.0306751760707091,-0.7633491867151124,0.0056856980396772,0.8501865538483758,0.6212544539551925,0.974262263086452,-1.2495559027394805,0.9491491616748444,-0.1790587760511464,0.0891007667038765,1.2094944936447791,0.7027256732712895,0.3510524809546788,-1.9839966831469544
0.6078918468678424,2.278459924829164,2.6221750905892804,7.928480223857431,6.649389814464467,0.0275234598107316,-218.289644110484,60876.55446304756,1.78117699218067,-1.0560739957059109,-1.516170653374399,2.6601970786636278,1.3920200092203898,3.738774642630148,-11.604985880635368,8.020219123513588,-0.4948286054196252,-0.4731215046093557,-0.711306679998877,1.7301718049856214,1.422560328842514,0.4026445114641222,-0.4743518948893711,-0.683233042777688,0.7418087414777685,0.3001509512361751,-0.1448259535995851,0.5411930073004309,0.8910705409104919,-0.1540400300269722,-0.7873259126880789,-1.321115666827012,0.2506316743414634,2.1672459731329945,-1.1106632699512438,1.0994690810340573,-0.6755561593467891,-0.4740315359130864,0.9149234801178312,-0.2552581566621963,0.2482597964904795,0.2290947562123644,-0.6739476617634077,0.8950975559201985,-0.0615821872327907,-1.3885102489172416
1.6428424435837174,4.67671179866653,8.185124385719085,10.704023120085331,14.193388138378788,0.1751308873816453,-29.88403441271607,63428.931624696736,-1.3254803819361776,0.3141072108029013,-0.0914004621935586,-4.40677039101058,-7.675378912567061,-7.743836954242966,-9.250905302363476,3.870641168395326,-1.101033085883644,0.1801054674654149,-0.7313246069486086,0.50997691724033,-0.7263593079771473,-0.3447774453588961,-1.8719709055230525,-1.173245689947668,0.3548738029360466,-0.8688460783184304,1.0637739837855766,-0.9538890884133124,0.4532545012857709,-0.7618756289717585,0.3854697750335259,-1.5347873290951397,-0.4531829756295582,-0.8462132852877351,0.88323257530898,0.4622624644542042,-1.2325760546154825,-0.2031807366208805,-0.7723178427228345,0.9502571938685426,1.2715241476539387,-1.441645146510813,0.8267029743814808,-0.8232960692577094,-0.2529167727193191,0.032254229060957
0.7419622715660341,-0.2292651696011478,3.6519620917636177,0.87491771979858,1.3274475934939929,-0.0903907641464789,-352.4186824329205,52757.426880202336,-1.1215755871877031,0.4278077364029634,-3.3195111709561256,2.7947138060431937,-6.389236130505026,-7.208760386489243,-7.594219384860777,1.0,-0.1741506097492205,1.0,-1.2187153286748758,1.017686412736359,0.7702504479710663,0.6493646843375265,0.8112035278626736,-0.1615559836258885,-0.6248764177655501,-0.980407409798038,-1.0893499965854994,1.212158688550331,-0.4931448557541487,1.0548590692108868,-0.1868858303806508,-0.676241208242424,-1.0943647975501434,-0.5881543569877504,1.41823878290629,-1.0842100797798124,2.1167468214796505,-0.8406074274696438,0.7499499706512455,-0.1452512942549885,-0.3205595825261855,-1.271420777125136,-0.098392982751238,-1.1582859963660044,-1.6815770997674404,0.1195986782174491
6.016783157635228,3.2689109781725003,5.516073273458169,7.053670836276529,9.3911779128137,0.0827053940076577,-293.8277978317367,52459.82857907129,-1.1357448999348485,-1.1387674002962545,-0.6714619898394434,2.045072069711414,-6.858733253281851,-6.916297223940951,-8.541200615484229,7.10698229761279,0.1685134023334292,0.3788336326894784,0.6953772364017292,1.9127268503065225,-2.173768904413992,-0.0677171973527046,1.1917378358214277,-0.1245224244388645,-2.33817245369327,-1.2910395748499208,0.3285698496773193,0.2921972948833408,0.6725196983410208,-0.7810089435481842,0.2598832349192977,-0.9458633078963248,0.2599579936436911,0.0532121971035397,-0.8208600201629043,1.558183630762687,-1.705635950162387,-0.1416209830105274,-0.8429055643243101,1.8342020358562745,0.5983980076204188,-0.6493103753703896,-0.2797152893203726,1.861257373980529,-0.9462756317300304,-1.7644481722305585
4.216458589581975,6.072264415690913,9.616382954067024,15.994235937455093,22.95041024979932,0.2081634267066968,-6.780292157919305,60792.59202388524,3.7231152262359313,-0.8644756783292535,2.883433521900104,-0.1342295422877943,-6.526205353988421,-5.723811802445496,-11.056207125305772,9.039153980309097,-0.4648233551271014,-0.0889125909034621,-0.6887241565242733,-0.0636264038196029,-1.362194891382653,-1.415771013055824,1.3010156626547096,-1.6123097359794163,0.8861381534941315,-1.894382195925908,0.6296376030255896,1.0,1.3213162028034042,-0.3319944588800761,-2.009540055171467,-0.1880362858866683,0.159660565547925,-0.1319776420317892,0.5751078209897706,-0.5643880987057234,-1.2634031625456064,-0.9996488843142238,-0.5157673445295374,-0.5243486162483538,2.406122358003271,1.2551054165830835,0.6867092043485655,0.4460125107285377,0.2997722356021364,0.3050005452097285
0.0393612290402125,1.3687594250519313,1.7968776435294385,2.0476098231931923,1.373987137282847,0.0992042349536522,-337.7982586756561,42431.42803693586,1.0,2.9971651440237363,1.2357496009291362,-1.9199754503323476,-7.383304240086463,-4.376577305341858,-9.227714783681416,5.068808485821544,0.8727594562340973,-0.7377552468328822,-1.9504122016574068,0.6968089911603528,1.6462309518099063,0.5580396715190163,-1.8873369514350844,-0.0235554002207542,-0.2745779997529624,0.3782121626438927,-0.8472692768687942,-0.3334772500935388,-1.4200829830227115,0.2217707824413855,-1.382895919272538,0.4374244857229345,-0.7505471890030484,-3.141414541296546,0.7937581430991331,0.4940400192124002,1.3529420477706988,-2.090118507169905,-0.6545495398363831,0.1315929605618661,0.5717058930363165,-1.462883937739432,0.4314599577272154,-0.5717769086093875,-1.85507866348674,-0.7506809870516554
2.727174785462428,7.909009252056766,12.826173140963547,11.710759836611125,15.362322845746878,0.2390217095680618,123.8810480887503,62973.68097359387,-2.2657611789892367,-1.4201622380808752,0.6599589219137137,-5.217196893313302,-1.966743585481299,8.046606496290636,5.181972244490722,4.280224533639686,2.501645035135113,-2.057966753396755,0.3562167098144623,-1.4122943199298554,0.0901826374968995,-0.5219067501050294,0.5068774563905613,-0.1268807141021942,-0.8259841780265164,-0.7602909475639799,1.9324594974495528,0.443523738462415,-1.702128706538388,0.5507877351167638,-0.1946766623579972,0.0046010870971389,0.819888153981797,1.183227173712846,-0.858812727920689,-0.0297416541553838,-0.5461110027385696,0.5968621810742627,-0.2323044937361695,0.0292514797018754,-0.2702767610101646,-0.1061195155693318,1.7046510059281352,2.390766164767724,0.3770920937424761,-0.0999697798169032
6.657979499769261,3.5903030058078067,4.136572108090953,7.870872944713076,7.188470716289035,0.1184680305864908,-168.71442650045486,61993.23585252358,0.3338070137214823,2.834040825963253,1.1209627976098708,-1.5068255235236585,-2.877279797057056,7.883681881662087,3.305607191789816,0.7494542564925746,-1.473075643064614,0.0858163195563947,0.0437916478631084,1.5132410811767127,0.7764149186384308,-0.79076671325505,0.8733955364172833,-1.243515672324092,-0.7183530388306428,0.1184595487392203,-1.1318863785325983,1.0646588504081422,2.2793128348480223,-0.2945220908126371,-0.651686918691203,-0.1295896106740455,-0.5573723285120052,0.2617304381938836,-1.322404480702826,0.3185063986013746,1.911923238569825,-2.002142553240551,-1.1686474299403111,-0.445057343887253,0.5418928204759059,0.8903820957650477,0.8099344925008359,-1.6917018225949945,-0.6743458265962993,-0.9003169081180842
2.184633858532304,5.415328144865544,6.637296082484986,7.732611071493033,7.40790841133027,0.2700413907944425,158.9563642018614,59484.77202255368,-2.7351073345645744,-2.5387904132312094,4.282766237022154,-3.83031885639326,4.121333389743179,5.548402080290062,-9.49886455920369,8.427791876681525,-0.2726945821524605,1.4432895536319423,-2.206418848383733,-0.5458425859710776,-0.8702562235172253,0.21911060003441,0.0771447858831263,1.6221931015494289,1.9511420482977944,-0.7730834555704812,0.0005000650336295,0.1963044169243553,-0.797813748337336,0.6283820360376229,-0.2395073687649446,-1.0676348506009778,-0.2795683042665431,-0.9976745727406487,1.0366468294192557,1.9015592551136704,0.2448193738945395,0.1112767680532756,0.1524347668741858,1.182234028938315,1.1606990035971831,-0.1156535685482308,0.2525899273790912,0.6526464071770783,-1.137687456550734,1.2126082374204563
1.1793176816482895,4.39877681437551,5.860377461865413,8.972634415546462,11.015036416094247,0.3028468426412531,-45.32664317986207,46103.50094812106,0.0360795701320095,3.4030421408414693,2.3117701683854,-0.9044920905626213,3.0101166438734213,7.176758364070434,-9.853730955325023,8.200751176432206,-0.9982930583210694,0.2696677889872804,-0.1303612809793486,0.7786273646421575,-1.122254978792902,0.0526824543100819,-1.5734971240144306,0.3376125925551852,0.6757518815092038,-1.6215100915888327,-1.339752253686006,-1.2959800206477683,-0.1776249586433208,-1.3974846128304432,1.3784902221527295,0.4361529815080361,0.5990395797343382,-1.5890478856133363,1.2931780855282224,0.649609440098562,-0.6823456398792657,-1.5417679247047975,-0.0761272230689085,-0.4664314123612725,-0.4249268355569598,-0.7054319960782337,0.7214359073440844,-2.600575019529331,1.429927790332089,0.9981164887161206
0.7654128666248531,2.373089078717605,1.7089685461513244,2.9801805963095718,4.748738669320687,-0.0076510400726719,-295.33286082587125,58962.32650032165,1.088681087204897,-0.6542363931776244,-0.584519523803539,2.9737759745762657,-3.5821531869427026,10.033682751600336,3.5443288886523963,2.2978575683136944,-0.2047565590801543,-0.028580751611073,-0.4011132712629294,0.7771822721048227,-1.0696636260124668,-0.7818138633588233,0.1213192322565576,-0.3679292181449589,-1.1087815794105107,0.5319253213688535,-0.5722873725943023,-0.8447209707679075,-0.1743797074039006,-0.8932494975183977,-0.0341813288304893,-0.3596988359733296,-0.5125801037467602,-0.5063335625312257,0.9956151640252442,0.3692174112776782,-1.7091965261833535,0.8829862054617901,0.5165570447998351,0.4575149018450362,0.8879108862517514,0.0150300369107968,0.6200836816119566,-0.464471939856346,0.8475803182091776,0.2181135550405564
-0.9875689146008928,1.9853038725837024,2.418596920538878,2.3933747731966912,8.738146370409513,1.0,-130.6894392736856,46281.36896339669,1.372599503352284,0.4571530550357947,1.0977576876379127,-6.965869252025431,-6.371882579909649,-7.503041464127149,-7.889154957476583,10.729562202205296,0.122732161638273,-0.1489472948997207,0.5086578042798411,0.056580189305454,-1.120812106888977,-0.576601776742971,-0.7379585563250161,-1.7164831767444462,-1.3716446439538834,-0.2110686698851942,1.423754075307279,-0.5355570796987947,-0.7574307747527896,-1.181286806672826,0.0305364949953507,1.179259334610126,2.002682766408592,0.2853993767216869,0.1399937426364345,-0.5434731072535431,-0.3765666214910111,0.6291750910507029,-0.3148753320630794,-0.162282447167414,-0.0253472747504243,-0.5908281109074761,-0.0749792590775512,-2.0194061287908016,0.5488358830184623,2.3517718389720548
0.6713682811899705,0.2927622916669462,3.2146403252030358,0.2703095353467801,4.09058788747601,0.0919076482987768,-219.8208100180534,55380.03569299299,-2.8002144106813542,-0.2560834125492225,0.1966203844762051,-1.4614740679371183,-3.721938027392532,8.261650562821517,6.012982012781213,2.4662963484302587,-0.5428675947525371,-0.356397007320605,1.4653547075286175,0.0491979378107627,-0.1929539895997672,-1.2700067677908868,1.0866335418415305,-1.136640883467238,-1.2746112913601737,-0.4002581409471725,0.1631940246551672,-0.7201426001603074,0.7070175029576056,-0.2829762769807495,1.0527689396115851,0.5051106120830741,1.7914793403641365,-0.4422289258774891,0.8439710244055942,-1.786811221813683,2.8916586930758936,0.7939465334712549,-0.2963072222227201,-0.2591252106328507,-0.247023073637269,1.8400366231016745,0.898549500341217,-0.443318302385349,-1.2388150181242823,1.1961046355079166
1.1116762888408678,0.9749180872430222,1.591306041074412,2.3554140346139407,4.6109122346668565,0.1085895565831578,-277.1123601042569,47584.6947415828,1.513644826054661,0.3793217541268416,-0.1946736373253655,-3.464084227898598,-1.7366260935936784,14.793383364180404,5.496214602267852,3.6765181442116304,-0.2706267465402575,-0.4065269251031607,-0.1134853908366301,1.2857431021330643,-1.5891712845113304,-1.002545632389522,1.2194930225666292,1.4536681740739517,-0.6594957083176173,1.650748344305217,0.9758820833077516,-0.2677611360455919,-2.4352655719912657,-1.6680151436677062,-0.6581766876096433,0.7599369819598278,0.7631000245479146,-0.4664491919068694,-0.2312742653625762,-0.032481349941885,-0.2187380129508194,0.1636337636687935,-0.030041156748162,-1.6742271490919691,-0.2075615662192694,-0.0225978330449024,0.989799345927511,-0.8313061316402847,0.2039053513449041,0.5628399963216041
2.538036566465969,1.018135180119833,2.69325925966759,3.287195965758765,4.111238150309638,-0.0439335393818754,-83.52606455428287,51507.05933857869,1.3808718829211926,1.419282581011614,-2.206046910940996,-2.1146053614464715,-3.5622772638687787,8.52279290830167,4.051716606529865,-0.2221027382574458,-0.9618848622059492,0.1347074681028044,-0.1185087217149123,-1.084070484904229,0.3577227694722416,0.0221027498498558,0.5564217054585403,0.1933527795983148,-0.6511028970140703,0.7683339922903146,-0.624398280253579,-3.099670522783271,0.1286529479542168,-0.5540737272339897,0.3821305043966347,1.9988717359397143,2.027739693148058,-0.1651229222218397,-0.8265151712460557,0.584683281917922,-0.3702255918663544,0.3917765223469425,-0.6608607622268543,0.2506924160227523,-0.8119741522934762,1.1842534160314664,-0.5899776907526124,0.6611025357349691,-1.264767283185519,0.781173856610691
3.3563987943234723,2.519069479952148,8.362309849721969,12.954619193676264,13.292854528328718,0.1471383318250243,-117.77449705248516,63630.25125386084,1.49409291444703,-1.9464846267450675,2.1428226037749827,2.44802054632327,-6.161157452531683,-6.3796164353455245,-7.2820178402491615,6.558498317216583,0.7521309491276379,-0.5681722279222957,-0.846454491268648,-1.800774458788179,-0.3866341977143084,0.7731815128101375,-0.8729036753264977,0.0178721064677066,-0.2242092717940671,-0.6666235559680475,0.8377055993758877,1.642272281165896,1.0043379436417033,-0.6959364024507146,1.9923656638459448,1.0014029102300654,-0.4573570689642907,-0.7753263821119137,1.1210392638449234,0.1737692019572731,-0.8507648486877276,-0.1481089794718831,-0.4071968178813612,-0.8240591186880378,1.0145862532614671,0.7817241883143133,0.8385414775592605,0.824670393319513,-0.9160337447075976,-0.6036872717969973
3.263181393259991,6.363398622867367,11.05420593408128,14.204967063857262,18.05767727840865,0.2865982833327082,111.53674840130536,1.0,-1.5001560723555378,-2.052439277490055,0.3496355376175553,0.9253503249945444,0.4904510091681058,5.223986226869939,-9.222609043427152,8.552079097134794,1.1484459565337235,-1.2534576132251245,0.0224504122776609,-0.2656218217805378,1.0365155835044346,-0.5636826623316449,0.4152725791132739,-1.1712161733772697,2.2739410386772008,-0.2395923246537088,0.0087634848853671,1.654754358850542,-0.5866727743052094,1.6673823429386163,-0.4114711741379607,0.6716981838212592,-0.5726816401592988,-1.3560364451447344,0.4145943505406158,0.6399034009835328,-1.315885742326239,-0.307058318908712,1.2007589615369068,0.6001189507966102,1.0,-0.5975257016344556,1.9482443251347763,-1.446932069802858,-0.0591985744086025,-1.4646968736939443
3.898555464093452,7.966458958406084,14.224722628656773,17.550239531382474,22.56135024286661,0.5208366230593142,168.95816165987435,62275.48677596776,3.5878593287801905,0.0222831260975148,3.1818098098090357,-1.9788068055576988,-4.552899227867486,-6.706597641836659,-7.069381980540271,7.424800637613867,-0.6255806376880398,-0.3984361593487791,1.2433122248451696,-0.1230515909898994,0.5882454459516296,-0.0923053938007739,1.5563073884802745,0.4900796282514956,0.5476557719191922,0.5663065387335868,-0.5551137363277123,-0.4632391369225352,0.7692456395599749,0.1264128294336175,-1.177611007811773,1.8731044246247803,0.9780718672970998,0.0376263238450189,-0.273500981799965,0.1986758575300827,0.5175200991574272,-2.0330007356700475,2.1123497094857537,-0.7898843091669199,-0.0019056329887571,0.034866882779146,1.9968502186888517,-0.0881238410066946,1.5885072943536291,0.4067274694611139
1.0253183297726784,2.650429489794557,6.846737994254867,10.52392524762156,11.840626777617352,0.2427840128081237,1.0,52895.76200874442,2.8042301353135617,-1.9927833783341344,-1.2352183636015732,1.204681825163156,-2.561265277610615,7.261269071769023,6.354113058000632,3.101069232970893,0.0700884752085667,-0.5622056962202638,0.0576972221657841,0.7241672408771637,-1.7732074077890467,-0.7152485188175908,-0.6941767358853519,0.4109902028775005,0.5272865396919497,0.1012277278348946,-2.478638119127923,-1.651918183191787,-0.238931821457121,-0.5014694233584738,0.005370378836003,-0.4693981624354754,1.531642466149037,-2.2939415848465217,0.3026276315298145,0.8280104061634723,0.7015384583583996,0.7872729880011845,0.9311159083909344,-0.6039798866072239,-1.101483756976957,-2.0346816726946724,-0.3626028336796952,-0.7775331239548554,1.1616088136571376,-0.2875581101511349
1.1841897150345615,3.701243021825112,5.1710303057786025,9.912074606279749,9.494784861639806,0.3556207129940322,52.13160519224513,61504.79817499286,0.1354422985974657,2.5807362443893407,2.6698064956868883,-1.1168174528567971,-7.554725398370135,-5.945834694754699,-10.439758400709902,7.109953687966763,0.0470343640085033,0.2417408085325754,-0.967865426885087,-0.2658665856872979,-0.0886676094941289,-2.2422216587440293,0.8325047813737684,0.1640159566406112,0.265318870448219,-0.5154963110282808,0.5862503755302528,-0.8319258239334376,-0.6748142442311369,0.6283300457417965,0.3571617361440502,-1.2776002651682936,1.5773708700880358,-0.7584976535731471,-0.1325935546213391,1.7467873866019517,-2.059781569210089,-1.7062608199696396,0.4419336870885175,-2.4785367158538194,-2.0434935024851213,1.1751578262941411,-0.4088733684040899,2.196089559296816,-1.0347697780535663,-0.3184817988704806
-0.5128311203344238,-0.7161696535527591,4.43080219479449,4.899917692795086,3.4411038784638994,0.0609138120907177,-272.6484098849832,50973.037276186216,3.009527105282852,2.531259071171263,0.7180403051118778,-5.189693495180541,-7.040172731083107,-8.432973076905007,-9.668801714656784,5.52670607661543,-0.9663840692682004,0.2611768069745092,1.0232009733479863,-0.1999828985567793,-1.0291669107459331,0.4968125071359213,-0.840981398986548,-0.4042455991972287,0.2654626594957273,1.3606760361077053,0.0265533537994688,0.0228575098451235,0.7375128936228513,0.0503718966729968,0.635530199832898,1.078533546062947,-0.3277371502679994,-3.2750106339134555,-0.8179270935854663,1.208682010835303,-0.0337647813976541,-0.339130270927899,1.1667849932032075,-0.1013249162298958,-2.092533205749156,-1.5053020610083434,0.4186480208169058,-0.0668909415947264,1.454656478829222,-0.7332686838041768
7.763378183847726,9.64669205242159,13.76147347026791,19.025348578027216,22.920814641223345,0.4592526949201183,-120.3232292999237,65277.40664642241,0.9348348867121344,1.544189577950579,0.5370679729296175,1.6167575554312037,-7.65042756715631,-8.468929876109375,-8.932346402545768,8.75623639625056,-0.0172732380481728,1.6739397972447685,0.0348624153291655,-0.4123466934234073,-0.6013004645117327,-0.7437160852944981,0.5141458264060461,-1.2944933548580115,-0.8183374833362532,1.3244826258410705,-0.954549310824478,0.8627049219900169,-2.063011811500816,1.450087042175752,-1.2702318390275464,-0.8763937434747587,0.6803425779863251,0.2704081342080487,0.8949874360948072,-1.2782626292575752,-0.286805409333539,-0.6170782092104371,-1.1101887981524234,0.5958974585203659,0.9430514466067954,-0.3368662050405336,1.5227112992961702,-0.7857002208783427,1.4984673241370412,0.5622390597582658
1.4755451271223592,0.7387825561273357,4.844185255855121,4.315164614965973,-0.6314848018005792,0.001035261984338,-278.13275571182135,39240.92299335347,-1.172769621783502,-0.3700814453216079,1.0986312891164571,0.687942385303941,-8.065338874319238,-6.172907057571953,-6.01529101192346,9.34165298473117,2.157714304437968,-1.9383910612622155,0.1269690800797874,-1.3435007298245198,-0.1732214313517653,0.0015439684122525,2.2798454829745136,-0.059777110392333,-0.0784302202846501,1.0051591066900896,-0.0528217395275776,1.831147075254632,0.6696844893165048,0.8285030798200165,-1.8675639364387564,1.985212818836552,-0.6564589203020619,-0.0097301675083436,-0.6527039051353473,-1.024251310627874,-1.20216836717434,0.1032416586990854,-1.9698967934405984,-0.2428022873119506,1.0577686473022374,0.631942237742184,0.4324353876560606,-0.8953845421915588,-1.5860951923189113,1.0417941190215945
3.125667347765006,1.0,6.765671627208317,6.481910469407868,10.718669354173391,0.22825799504883,-96.4617297298393,60338.46585882716,-0.4439527489955077,0.066655851331604,0.3535095866040992,5.108089465043809,0.1389837373688953,9.621758694639755,2.7485529047255337,3.3499626045228963,1.9566099625857163,0.790721018540406,0.3055981271728449,0.9050665483595476,-0.1343810681800624,-0.0754131809061994,1.6589403034315653,-1.635579026816248,0.9679455131409394,-0.1107914756877758,-0.291489421253352,-0.5528959336937127,0.1536740205641881,-0.0435294665046663,-0.4147023867269672,-0.7026577451166509,-1.9053304524509356,-0.7238037443516702,-0.5122951462609718,0.151231072166842,1.9630858846815047,-0.6159561935134189,-1.02373085374717,-0.7144960913030979,0.1533447676021148,0.5886354597962726,0.7283452130695429,0.8277079982342662,0.9692305876119748,-0.2788836374731697
1.361395605508414,2.7141884305242963,3.4576983232698275,3.4194583032965453,6.793280275004852,-0.1475466566353871,-361.51318159055097,59054.66189873135,0.9338533266414082,-0.7324630786365233,0.3293103107171379,-1.9988526015297203,-0.7644519948203108,9.029635719727702,3.167615859656175,2.666324895335638,1.3148146448442812,-0.0071236122083367,0.1781740847694348,2.768892309627609,-0.5934726757363933,1.7485759140585335,-0.3907319144081885,-0.2335124575848984,2.6381752566206,-0.1610903772616734,-1.374371404295248,0.2819187881263121,-0.1727368251670042,0.3670958417338603,-0.1335977933277694,2.2155446162047645,0.5567358388359357,-1.074964627725818,0.1245468020238544,-0.7996298241670389,-0.2477138425029538,-0.9104407105668229,2.1071185232060228,-0.6913846151782217,0.6875643519941369,-0.3234794218766272,-1.1584131725727902,0.1976493028995068,0.4006918370857067,0.5586265327545139
5.9101605739241005,2.653609633295834,2.00979165153401,7.012690908408818,7.156771678625976,0.1579291499601088,-61.689022285284096,45257.34013380909,-2.0833038628212908,1.4282069994401851,-3.230732902553452,2.602896251718408,2.2785983920560886,3.88547655139189,-9.56065921448586,9.919569601282392,0.3382524875291783,-0.1813854031092858,-0.4943543378567168,-1.2506960629882262,0.0219438082153322,-2.064957387584735,-0.6859980417194214,-0.927784109060761,-0.2393768515089148,-0.2133297993092693,0.9599566744337452,1.5834772772495995,-1.1177788402369702,1.9928326252700297,-0.7792955995214319,0.1725267829230898,0.5108629891483177,2.444582752582506,-0.5422823377626642,-1.7967380129780532,1.4903794701929811,-0.8333735587954348,-0.3615885805755928,-1.117749653926175,-0.3587037730489189,-0.8403915362054409,0.6764418164947713,0.0807916297219793,-0.6810551606146789,0.9958719766589276
2.0230298564080256,-0.823243959144816,1.7181136108887738,2.7893086414094226,3.643309243027545,-0.0705011855758408,-102.2469918944738,58199.82264685696,-2.683536912739757,-0.3076520543967333,-4.071061685635746,1.2123049650270254,-2.8880498501424907,7.142611355251047,7.0884957921255545,-0.1720423830002171,0.2549967506745987,-1.8460482504440556,0.9197033140843018,0.1848678838526347,1.3907324875915426,0.1239174263426447,-0.791709350567595,-0.2042953333018369,0.8039193308807204,-0.7707370597008625,-0.4402967871075585,-0.2216885799990672,-1.1493716102158729,-0.7563234246285745,0.1725501918041902,1.2024777476530082,0.3171469847104752,-0.0458612593690215,-0.8312707739523109,1.0951604117202318,0.4335054999468424,-0.7067297635192396,0.8986484586849005,0.559577061510467,-0.8135303493662359,-0.1013782562642001,-0.4927727282429369,2.633537940031605,0.5317448831256588,0.1867620548482401
5.862319567602253,3.623215817089407,4.422181460725363,8.476008322128099,8.392227398350688,0.2196571501664491,1.0,59162.731021708285,-0.9584475647117918,-0.7217828388492142,-4.280531757555958,3.5774896770944125,-1.6289119823523448,12.29996956691329,3.1540743485320686,1.1237230895365742,-0.8047593466187392,-1.1464003067177844,0.4657733184908232,1.867224204312315,1.2432343304794635,0.7071861850500949,0.9791854355897333,0.6377194971819162,0.4499002294093929,0.8986178395986469,-1.3683630920540222,0.1994852994429131,-0.0809482062438433,0.0789028311445636,-0.4613722147467896,0.5204878447742322,-0.817928009687607,-0.5338549293920343,-0.6538799136521003,0.8639466372698691,-0.0117235032091934,-0.460832339796763,-0.3734296950161807,0.003880616680407,1.6221749188698538,-1.236520336346672,0.6755099976797855,0.4718623380310078,-0.8829653984467758,1.4668732901546866
3.7391160456649546,12.291299968564156,16.31999191023335,18.96490115567108,27.20980418645193,0.4046771950672725,186.2551485372308,63914.55684465905,-0.6875076153621702,3.229953637822297,-0.9842870303920052,-5.122153447631961,-3.5245806235116883,9.931800561459625,6.186378119972028,3.3700898626150297,-0.6314116367541304,0.2415548684763958,-0.100717254055977,0.6433501795697513,1.1409694942564317,-1.272830420453946,0.0675310639804901,-0.0531261387544567,0.2034146733895821,-0.0154708447670454,-0.9806629122300344,1.4547495353705886,1.8807611462026483,0.5468897034516844,0.5981017797611552,0.1310491639611733,0.9692032217790022,-2.443145305230732,1.0,-0.5726270026955117,0.1458180980212891,1.092627565173108,0.0190341762160768,-0.3604923386706711,-1.4032710297404474,-0.1092765122183902,0.6722776969106796,-0.8410881270119684,-2.0033398570094416,2.274240151211362
3.269633368282864,6.853351471279489,12.57155385800026,15.923661830172833,18.553385777654483,0.443259083187309,-5.368241914635405,66580.8914355748,2.030293622258412,2.4354969713024004,3.0523726347233238,2.487389482008341,-1.4862681661103043,8.548885993308138,5.126128364960764,1.777955102389205,0.6694380133932271,2.4388567065792515,0.8348285011924532,-0.6434350670302766,-0.9057893786017872,-0.4943056012863549,-0.6666286156786452,0.1087833638539658,-1.5387973771589998,0.6472865640460312,0.0911963693714276,1.0,-1.144146477027523,0.2466887703360563,1.299176580869636,-0.8605072511002159,-0.8878557074772063,0.7119574667172651,-0.9690510515375832,-0.2332839831572693,1.475732678992345,-0.873668891922626,1.5444420988742655,-0.3357817419541308,-1.1212013268388503,0.6037041551226275,0.1077481346260674,0.0131802608866894,-0.7687182605183653,0.1004529504521146
4.011201754706743,5.9247850832721936,10.468612916171644,9.99753692129529,15.977936452265498,0.3065509645631544,-24.125765461854247,49321.628930106526,-2.250758256892564,-1.4980629419101912,-1.4739723608335114,-0.4503126647565143,0.4007052434643297,5.085354966337304,-8.698658227131375,8.9338773842689,-1.7256742533751028,-1.974670894587108,-0.7490792166512826,0.461230493586657,0.2888649470196864,-0.7650623329109258,1.1694082321564618,-0.6584099351183408,0.4624539861271267,-0.362786327534172,-0.8687763509936559,-0.6050667881147398,0.734000384813558,0.3610251451427553,0.9681026637765426,0.3609860825370816,-1.6111694631742193,2.114414834308793,0.3751690140584689,0.5146715543882296,-0.3768376794965605,1.1131782933007082,-1.0931075606001217,0.6098290776634929,-2.07963328224704,0.6772085213501834,-1.0795504116394294,0.2769945204271254,1.3573404667461746,0.8227173745004389
3.338213535231612,9.05796770833934,9.422776076135698,12.733224210521136,18.95297435489244,0.3684551303197037,7.264686580942595,69350.75119158214,3.7233295140853055,0.4135495596688329,-0.4129619703536941,2.771911375753212,2.762277086185509,4.438705741463219,-10.87584678435577,10.448661862353372,-0.1855305023464642,-0.9588961614478968,-0.6365572097261013,0.740520153299995,0.9553929964573576,-1.3109708357228902,1.5686658970781466,-0.5100865767189783,-0.6010101206318919,-0.891654787340781,0.0559120749865364,1.981550250048936,-1.5396594189528885,-2.0568862634215748,0.2685105257470888,0.5693391729252982,0.0526722098152185,0.5957994754163319,-1.1312609933900393,-0.9448697722957544,0.1239579325058962,1.7580693607288245,0.5606806600900509,0.6072039897442452,-1.0736764955672504,0.4224050828319216,-1.1821492488017975,1.7677573579602104,-1.0119273093633734,-0.7964806184983622
1.4743071392152904,5.871563568054531,11.45671185477811,12.911627648371526,18.14923813773649,0.2361544016016226,-12.038116395359824,62605.61214189669,3.377284941080098,0.9083663343796762,-1.3963910661832182,-3.874576805304604,-6.444964905806651,-3.767008395307789,-7.531640701488472,6.834487617246942,1.284590718685139,0.1437646431085849,-0.0847104328628535,0.1577352076116809,0.3090069327743482,-0.2682981770580552,0.1745430599531023,-1.5736295710417971,0.0813488833467643,0.4768135950246047,-0.4898419420064059,-0.0954726442860986,-1.111505380701124,-1.2503135829593135,0.2108150779591908,-0.7295630157376162,-1.7768256615760247,-1.111778299134442,-0.966379093792069,0.7745804977317415,0.1791140113684673,-0.8716021981573001,-0.5877659049711595,1.312084416107226,0.936102435196951,-1.118060427981828,1.1635258596263265,-0.0806288084498101,0.799611626056244,-0.1633079550015069
0.9279898784196662,1.6276798920878528,0.3808913105638023,5.704768600104562,4.915542958017468,0.102969275435673,-170.64420678333707,48749.9870958827,-2.4805700250056617,0.0651511548171236,0.1992115130428813,-0.4470155980915961,-6.978746889122245,-8.696633892919632,-9.816081918339249,7.394620922473324,1.127374010445556,-0.914281310796642,-0.575944811423728,-0.1632264282309065,1.6198246049826486,0.5631354551682595,-1.3240868298658868,-0.0929827915895012,-0.2458787557504341,-1.17326955600393,-0.1047919168947276,-0.2900374396063723,-0.3616325236171589,-0.407381367381811,1.4713935483488034,-0.3637031161005153,0.0496710563002645,-0.0587647122767291,-0.505016850367336,0.0795047323676977,0.0653505960977633,0.0797565268992159,-0.8592331420964212,-0.2061245072526411,0.7603218753498576,-0.1798166313800403,0.1617819126012581,0.1670370007263551,0.417395130733917,0.5586509150138106
4.916763098834975,4.817128744397348,7.028154185091017,11.86855811457189,15.073065044166988,0.3253341621104532,189.9881934895216,65280.284045330256,-2.59232248566677,2.9194637500758804,-2.5943372437697527,-5.657300756262726,-3.684077561557106,8.531193853889809,5.860154662282606,0.126873209289799,0.9480843874360896,0.2244172079441161,0.5017911677776411,-0.3398450418443653,-0.8844928186606991,1.1603481809669742,0.3197899945560327,-1.4435570341837254,0.6868752232028936,0.4861685979665005,-0.3252989243235641,1.619813234242322,-0.6181731623472644,-0.1689864981548416,0.7686480879681981,0.0767629503307216,-1.3844231543584364,0.1837993729934296,-0.4143897919652327,0.8569962449162634,0.1512183439951397,0.0945076530473908,-1.0482511637190517,-0.2300253079140055,0.9701010940126534,-0.776536344541371,-0.0325502230877141,-0.9364460516490096,-1.1838426410516691,-0.0848590449893525
-0.9123037013352916,2.7295279468793385,1.9507035137844024,3.0118523824888337,6.356086645501355,0.1213097699979183,-141.1251380295814,46941.154545473575,0.9287644047925,1.380473600760545,-3.054439844942748,-1.1382134969575255,0.2894641436643845,9.725035509566002,2.8529235904241284,2.9580000968914764,-0.600511018185164,0.0576022260052415,-0.6718674108838283,0.7061285491093263,1.1907461160252475,0.4833248272528027,1.0611942762765827,0.0324998628878619,0.8055938349951759,0.0754177426124603,-1.0249280665857678,0.2467213886986063,-0.9952966937905094,2.3391289515689104,-0.3340881587753344,0.6450378554489973,-0.0124132195255946,-1.2336134240359058,-1.8985230300645717,0.749013955074131,1.5493409267710596,-0.7348037072103585,-1.6566925195595903,-0.3251627324216248,-0.9371170452387332,-0.6503156798620929,0.6103736997252851,-0.0504630474028382,-0.8295075588820175,0.588500786261195
0.5675282046879239,1.0122796732235044,0.3955456264307648,-0.5123595518247304,2.5684062607027607,0.0393317839394371,-298.8849421786274,46537.89510063072,0.0193770342279329,-2.270921787396261,0.0008909883750902,-0.0739718421944813,2.575310198173528,3.571443337429868,-9.545192879681723,11.315874837150831,-3.120544022943797,0.2099155339834907,-0.2637350376313479,0.3982209514202937,-0.2521534658435748,2.0180773827178204,0.2305371278283044,-0.4469477275826654,0.3373630663468662,-0.4286747968813056,0.0929302341139873,-1.2174801872358345,-0.0085852018596053,-0.4778523960351749,-1.1227366253686797,1.9757358680726425,-1.0837353699401662,0.0069642234419375,-0.8028080349487572,0.297039470879875,-1.2743851344689174,0.8403568239355511,2.0361561863588413,-0.8395392371006698,1.2169688626813209,-0.38187934439569,1.5057911210760857,2.188498986095991,-0.2337050117084587,-1.5202660808946518
0.824083969394795,0.3277827517636366,3.8500544319305727,1.260359538071932,1.5094507230782437,-0.0898467981791037,-158.64153737667505,52543.62511614967,2.1321266293317063,3.3286341962492703,0.9830842417546186,-3.5167813586745,-2.1193734316801147,10.187020435864287,2.7844527699109785,-0.0075152356856824,-1.8856579482609903,0.5090461386740671,0.9012697695616144,-0.4114586307904874,-0.5478214242432214,-0.7013776052224556,-1.0320056563323736,0.6657600540078024,2.2819029165141718,-0.5560200221581361,-0.4665484462049912,0.0153965368778952,-1.6019750123696794,-0.6955483344918731,-0.0569656802632664,-0.8939283230009163,1.197441376549668,-1.2938173650678928,0.9010053242021152,1.4685022718853995,0.3817247448468266,-0.1374505569559773,0.2462818129724983,-0.4405635339398941,-2.0360681984757933,-0.9792523330043672,-0.011179115477882,-0.940686884970515,-0.4131228857693131,0.4791791594114941
3.214000494092092,6.95433865468555,6.975250869430564,10.390081142033916,10.756979981245456,0.2662881268667413,-97.49036566225244,59345.63470622554,2.1675973506199617,-2.3709247071902,-2.4342408047058104,-1.798099481520957,-7.855591044834011,-7.610797668922991,-9.726918642994312,6.027536760978979,-0.8955045203086053,-0.9083780929706866,-0.4764801304514311,0.6134719366917788,-0.6267922495600579,0.2250578852579391,0.061162567850915,-0.7790524043066904,-0.3448151306672951,0.8648492232989141,0.1498063069410853,0.5488278614010552,1.2724965439077798,0.4349370541780767,-1.9206888668853224,0.2705977161156537,-0.6181114316735742,1.810302610004162,0.3992694076141758,-0.5974382974725463,0.5665119294411894,0.0907909029671071,-1.7179573137198072,0.8630607812527138,-0.4055399140670783,1.420618292774008,-0.1244307841438101,1.439293483835469,0.4248981499058153,0.9741233692959304
4.903650951645895,5.583818949013867,3.784298052996341,5.171821921542126,6.142303469965156,0.0394384460263135,-64.72263248777806,58824.25816548729,-0.5596744969350604,0.3864148454283876,-1.3266086435490343,0.2024810437418249,0.1018436368578341,5.470137548341126,-8.613008347145959,9.249433247570812,0.5414440993897373,-1.0779058611515868,-0.640684993497601,-0.3992821430855018,-0.0067524051551399,0.2759844929124723,2.042257840510792,0.5721257176083903,0.5959313470391664,-0.266613013279537,-0.9798657956974324,-0.5282140148497824,-0.7103324902148916,0.392230675554566,-1.651281423623733,0.5925337195872442,-0.1172395894360252,0.7333482326890381,-0.7239081891542735,-0.9013697148422456,-0.4066687190384437,-0.430649252753826,0.80634841107493,0.7968048330570654,1.9050230835354185,-0.4954921445178963,-3.3475505964875936,-0.4094225730308178,0.2306579252083569,0.7145306910521688
1.2462638356425104,6.4728975098583845,3.3579774670486118,8.212751478635,9.88733236978086,0.0455190805978966,-132.232046921134,43348.56238626835,0.1999532783558937,-0.5116822738061835,1.3414818919004068,-2.942961594986756,-5.911563266773548,-4.827162256977424,-10.285712947506166,8.352600105496363,0.4288007177742599,1.9092970506264637,-1.0377048220344751,-0.0306561053524377,1.1631935189613771,-0.5658235103536783,-0.4853670441109201,-0.2933398646387372,-0.4453477949965509,0.5317973984806225,-1.7802101698159276,1.6427259073979663,-0.9596633265554438,-2.1171716879951163,-0.0102393978172245,-0.3774009640534827,-0.1779797488326128,0.3125765753355642,1.0,1.686651353667897,-0.6901408375488947,0.7742910581643598,0.708936451068717,-2.6407856355754045,-0.8331944025358734,-1.2869805642807612,0.4478928585579239,0.3378259159319884,0.3579276999848825,-0.305592267514416
0.5208257621547101,3.3185322223846283,4.219574584804369,4.31448764241852,4.347606305474362,-0.0811836232350159,-193.3009282775128,48404.2334037879,1.9154162614300887,-0.0127031135457374,0.5697372869808348,3.568545127995126,1.917051667676205,1.6700101556469216,-8.943882785385073,9.709728573984552,-0.4732650468330487,2.350205800005721,-2.664332321074447,0.6729432044950393,-1.7645959092770471,-0.2256567032180686,-0.085608089471246,1.507633558913684,-0.6921522120768903,1.308011915661778,-1.1788166402247968,1.346669723754866,-0.4743454419034728,0.0734345192411188,-0.336378663110404,1.2823634741156038,1.0877398432337475,0.4435017205845248,-1.151868384586774,-0.7150218680302427,-1.0285765255061254,-2.248142886792164,1.2613181018500463,-0.3278235263426968,-0.3384939642922973,1.4961022334255598,-0.4759886023863676,-0.8404709356859309,-0.2247456205149846,-1.1326690518768965
3.348399652394183,7.092379105658836,12.66163647537826,18.40543728282744,19.00354116492561,0.1974343685429905,271.06133725819257,68002.04762613842,-0.8108435349385923,3.0406784746190056,1.866464896631268,7.2301459482214,0.1891085215262575,5.230949201179491,-9.948798211321154,8.83596583191549,-1.4817672225794876,0.6638413612554662,-0.1954242029693708,-0.1724960343974563,-0.9371511578343226,0.2397701735826428,-0.8080232546464313,0.0727433286972326,-1.1584835618532354,-0.1823969873825567,2.024868940495847,-0.4249357897375238,-0.1317581881917793,-0.2025229974690826,0.1745314083444845,0.4681519796842536,0.2572377506765222,0.2793158417725047,-0.1808333843988521,0.1002897225070387,-0.2139554291875496,-1.81235870642712,2.630615009851872,0.7281727495472169,-0.979319205284551,0.2300604043834,-1.3461407225802056,-0.4942015491627052,-1.4819885411257958,-0.0511848456404278
0.1977227307783811,1.9771805505167732,5.627514137581292,2.668231083033234,3.103851986287419,-0.0978911568774128,-225.2353502126288,51328.456292647264,1.2172332876106506,0.8157535647506429,-1.1063843668697737,-0.8104799771479911,2.422875633668064,5.495897749356065,-9.464884130170814,10.996417605837912,-1.605790859981598,-0.3178305420195441,0.1515388808252707,-0.809713307251726,0.5833722312714149,-0.9074611148997992,0.0256276724020252,-0.2283220843383628,0.615854798150086,-0.0142691775945577,-0.1964917000792602,-0.8028652402339286,0.0347690145932682,-0.2602075013589416,-0.8705302562280075,0.1594910244184335,0.3639713400560984,-0.3384072220568155,0.931569231063757,0.2639743094361582,-1.2838538868586389,1.3373939949136822,0.7669879313800368,1.001831211261531,0.4005029568627704,-2.337727140527021,1.0926185912568265,0.0607876833199833,0.353219181830795,0.5403840477736647
1.4312801191161986,2.5331978749461097,0.8171055067446653,4.009209800917633,1.8328942022450088,-0.0025026958745143,-324.7211679147823,58061.10314127712,-2.5013838979799763,3.354925860625212,-1.1951372715339323,-0.1655947028621295,-3.668435444859108,8.659058218088308,3.9118335144844463,2.095980893020216,1.815577481595072,-0.2959717932122608,0.6342839331822381,0.0281355122012548,2.762684532731502,-3.017646892747387,-0.7176622759721215,0.654023974231481,-0.7529053954279397,0.5660715573099809,-0.0600791928966888,0.864948838011637,-1.1321228304276592,0.1728423106163546,0.4660182300133842,0.1317891582113365,0.1494124849208884,1.20243090577956,-1.6799057465048952,0.1249671907916849,-1.2091481328792792,0.7576109369263103,-0.8379335823697159,-2.472445658094348,0.7814674142474503,-0.2683712939589686,0.3566296161016022,1.4270089026990616,0.3714010859322353,0.1694280839089487
7.974601761365188,6.439917895316218,7.248440993060576,11.927062373831204,17.45545277395292,0.2808833012598963,48.918713014766354,55471.338495686905,-0.8162990118856557,-3.1592310148117537,0.2714371810959972,1.6163944763077869,-1.4014977530596346,9.271338549983277,1.0,1.521514140556799,0.3980280299618697,-0.5411253725348428,1.0668700883760402,1.1511294059581902,-0.2190318143524778,1.1936448655732277,-0.5553080553860471,0.1596477694079029,0.5714083877187804,0.7847815840141892,0.62152184861589,-0.3326571805631725,1.0936976406914414,-0.1244273231064185,-0.5690273622751935,-0.554337967313331,1.939988391476335,-0.7419834280919447,1.0,-1.1354666958101698,0.4879054450741863,0.297083451490835,1.621226879726228,-0.6544018951685149,-0.930664217960387,-0.1165103783469821,1.6648018292404525,-0.8841584799437681,-2.5884166322042,0.0597678373732826
0.8387142883339909,0.7969647624346294,1.9166951212549976,4.754264890218247,3.877215870747551,0.0683359919779155,-229.1811268915544,56054.04136579891,0.7770265513557253,1.362679006371218,-2.9416101633465344,-1.4782656335822366,3.069635205284561,4.751679634053533,-8.245520284042353,10.35095474576284,-0.0651988843498243,0.0182800857588212,-1.3692271134705776,-0.4395543550857605,0.5805185455957046,-0.628330834589551,-0.2002333353900266,1.69688981958064,1.9900295135191748,-2.161361092625359,0.1138975719984794,1.0,0.478846867832576,0.018490058947156,1.3126881784496485,0.218092806461666,0.7091371455113367,-0.2103044949920427,0.203510360414917,0.4266306900421998,0.8655587656739854,-0.4317206820894192,-0.4588990877908779,-1.9274824275340936,-0.387151055849824,0.953035365097758,0.4632244560001343,-0.9967519024057656,-1.9038624751242004,-0.142420735087565
4.852437901762846,2.2807288254671736,4.278788941989415,7.670657403310515,7.060518056476832,0.1299292580406492,-245.5122579349353,56120.30522232045,0.3943871664371152,-0.5885297435871132,-2.016110954223896,0.0638413113121901,-3.4101556579309578,8.576745503508405,3.7373189178840063,4.751586960704138,-0.4365660514296659,1.2632845023687045,-1.6638403732769556,-1.6238053114724025,1.279039916459254,0.0073495754647498,0.9208158658799956,0.0994709581091506,-0.0070409085306999,-1.3280208591242249,-0.0268395683171518,1.3616072363167513,0.0566702940716718,0.6820781957402268,0.6543739593936179,-1.0127080166616316,0.8571303317527184,-0.3137287230598476,-0.2596524082946944,2.0976951890053264,0.597303366831519,-0.6385020242772084,0.0645380630097223,0.0366199263582229,1.686093154338994,0.0394605804641045,2.207998653330968,-1.2967326974200395,-0.0323527536706941,-0.7628554421965549
